:020000041000EA
:1000000000B5324B212058609868022188439860DF
:10001000D860186158612E4B002199600221596106
:100020000121F02299502B49196001219960352056
:1000300000F044F80222904214D00621196600F024
:1000400034F8196E01211966002018661A6600F04E
:100050002CF8196E196E196E052000F02FF8012189
:100060000842F9D1002199601B49196000215960AB
:100070001A491B48016001219960EB211966A021F2
:10008000196600F012F800219960164914480160C1
:100090000121996001BC002800D000471248134993
:1000A000086003C880F30888084703B5996A0420EC
:1000B0000142FBD001200142F8D103BD02B5186610
:1000C0001866FFF7F2FF186E186E02BD00000240BE
:1000D000000000180000070000035F00212200005C
:1000E000F4000018222000A00001001008ED00E03C
:1000F00000000000000000000000000074B24E7A12
:1001000000200420F7010010CB010010CD010010E9
:10011000C9010010C9010010C9010010C901001077
:10012000C9010010C9010010C9010010CF01001061
:10013000C9010010C9010010D1010010D301001045
:10014000C1010010C1010010C1010010C101001067
:10015000C1010010C1010010C1010010C101001057
:10016000C1010010C1010010C1010010C101001047
:10017000C1010010C1010010C1010010C101001037
:10018000C1010010C1010010C1010010C101001027
:10019000C1010010C1010010C1010010C101001017
:1001A000C1010010C1010010C1010010C101001007
:1001B000C1010010C1010010C1010010C1010010F7
:1001C000EFF30580103800BE00BE00BE00BE00BECA
:1001D00000BE00BEF2EB88713CE600105CE6001049
:1001E0003802001090A31AE71E481F49086006C88D
:1001F00081F3088810471D480068002801D019487D
:10020000F3E70DA40ECC002902D000F012F8F9E7B4
:100210001749184A002000E001C19142FCD116495B
:100220008847164988471649884700BEFDE701C937
:1002300001C29A42FBD370475CE60010C000002068
:10024000D01000206CF600100000042000000420F4
:100250006CF60010001004200010042000000000C4
:10026000704700000000000008ED00E0000000D032
:10027000D0100020982E002025A50010E9020010C3
:100280001DA50010F8B5C04606480749091A8B108D
:10029000C90FC91810B5491003D0044B002B00D06A
:1002A000984710BDD0100020D010002000000000A2
:1002B000054B10B5002B03D00449054800E000BFF2
:1002C000FFF7E2FF10BDC046000000003C23002005
:1002D000DCD9001010B502F089FC0122014B01208D
:1002E0001A7010BD862E0020F0B5DE4657464E46E9
:1002F0004546E0B5EBB00AF06BFA00F0D3FB00F036
:1003000097FE06F099F922AB029300230193B64BB6
:10031000B64A009301235B4206F008FC06F0C2FCDB
:100320000690079106F0BEFC002900D1B2E3FA2244
:100330000023920007F06AF91CAA94461323634431
:1003400098463AAB9946122363449A46A84BA94F64
:100350000993A94BA94D1993A94B38601293A94B46
:1003600029AC1A93A84B0D93A84B1793A84B18933D
:10037000A84B1E93A84B1D93A84B1693A84B1C93F8
:10038000A84B1393A84B1093A84B9B46A84B0C93D8
:100390005B4605950893BB46069E079F4246494625
:1003A000504600F089FB00285ED106F07BFC002956
:1003B00075D0FA220023920007F028F9059B1B78DC
:1003C000002B07D15B461B68C01AFA235B009842DA
:1003D00000D9A7E20F231CAA944623702633634456
:1003E00019000F2029AC01F08FF8002870D10E23DE
:1003F0001CAA944623702733634419000E2029ACAD
:1004000001F082F800285CD1089B1B78002B4BD1AF
:1004100006F048FC801BB9410029BFDB0D9B8548D5
:10042000198807F0B5F800230A900B930A9A0B9BE2
:10043000B6185F41002F02DA01267F4F76420C9BEF
:100440001B780133DBB2022B00D876E200230C9A32
:10045000137002F0C9FC01F0CDFC424649465046FB
:1004600000F02AFB0028A0D053461D7843461B7895
:10047000069306F017FC002900D14EE2FA22002371
:10048000920007F0C3F85B4618600023059A1370CA
:10049000172D00D954E2099BAD005B599F46FA2104
:1004A000890007F075F889E70023089A137001F0B6
:1004B0009FFA06F0F7FB801BB941002900DA6DE7CF
:1004C000ACE70130C2B22100842000F00DFC9BE7B4
:1004D0000130C2B22100842000F006FC87E7069BB1
:1004E000012B00D824E24B461B78072B00D931E2C0
:1004F0005C225A4312998A5C042A00D14AE20620FF
:100500001C9900F003FD50E7069B012B00D80FE279
:100510004B4659784B1E99414B46C9B2187801F0A9
:10052000EBF8162000F072FC3FE7069B142B00D876
:10053000FEE14B464D469A681B7B120A1B0613438D
:100540004A4606932D6951682D0AAC46127A090A6B
:1005500012060A4349464D466346086809792D7DCF
:10056000000A090601432D0648461D434B46007804
:100570000195DD682B0A9C464B461D7C63462D0683
:100580001D430095069B01F0C9F8152000F03EFCC4
:100590000BE7069B062B00D8CAE1072B00D1F0E140
:1005A0004B46DA790123134049464A4608680979DF
:1005B000000A090601434846526800781202120CEC
:1005C00001F05CF8142000F021FCEEE6069B002B05
:1005D00000D1ADE14B4619780F2900D9B5E1402093
:1005E00003F0A4FFE1E6C046D5020010F0D8FFFFFB
:1005F00030DF00102C230020E0D90010942E0020C2
:100600004C250020F4D90010E00F002008DA00107B
:1006100090DF001020DA001030DA00104CDA001001
:1006200064DA001084DA001090DA0010862E0020C0
:10063000922E002040420F00FFFFFF7F069B002B01
:1006400000D175E14B461B78072B00D982E10125CB
:10065000189AD35C1800119305F0E4F91198002260
:1006600085402B00D0252D0606930021AB6205F0B6
:100670000BF906F017FB14961597069F0E900F9135
:100680006B683B4200D19FE106F00CFB0E9A0F9B7A
:10069000801A9941002902D1C94B9842F0D9149E81
:1006A000159F002314934B465C221B785A43129BE0
:1006B0001B929B5C082B00D1D1E100D99AE1033B4E
:1006C000012B08D8119D0321280005F0F1F8042121
:1006D000280005F0BFF8149B002B00D053E1022046
:1006E0001E9900F013FC60E6069B042B00D81FE166
:1006F0004B4619780F2900D927E1DA781B79402079
:100700001B0213434A4612681202120C03F0E8FE61
:100710004BE6069B002B00D10AE14B46402019789E
:1007200003F078FE002800D126E1112000F06EFBD6
:100730003BE60699012900D8FAE04B465A78931C0B
:10074000DBB2994200D2F3E04B461CA98C461878E4
:100750007A236344190000F0B7FE26E601F0BAF8E8
:100760000E2000F053FB20E600F046FE002800D1EA
:100770001BE60C2000F04AFB17E6069B012B00D875
:10078000D6E04B461878597800F04AFF0B2000F06D
:100790003DFB0AE6069B022B00D8C9E04B461968D0
:1007A00018780902090C00F00FFF032000F02EFB5F
:1007B000FBE5069B022B00D8BAE04B461968187877
:1007C0000902091400F0C6FE022000F01FFBECE550
:1007D000069B012B00D8ABE04A46517810780A29D5
:1007E00000D0C6E00021052B03D991885388090465
:1007F000194300F0B5FD002800D0B0E0199903308E
:1008000000F084FBD1E5069B012B00D890E04B461D
:100810001878597801F00AF8072000F0F7FAC4E5D3
:1008200001F01EF8092000F0F1FABEE5069B012B4D
:100830007ED94B46FA211A884900531E9BB28B423F
:1008400000D290E005201A9900F060FBADE5069B10
:10085000042B6DD94A464B461279DB7812021A43B3
:100860004B46196818780902090C00F0C1FE0A20ED
:1008700000F0CCFA99E5069D0C2D59D94B469A68A3
:100880001B7B120A1B0613434A465168127A090A57
:1008900012060A43494608680979000A0906014315
:1008A0004846007800F0A2FF102D16D94A464B4664
:1008B000157CDB682D061B0A1D435C231278002182
:1008C0005343129A281C94466344069307F018FF7A
:1008D000002800D10025069B9D62052000F096FAB5
:1008E00063E5069B042B23D94A464B4611791B68C6
:1008F00009061B0A1078194300F0AAFE042000F034
:1009000085FA52E5069B002B12D04B46187800F072
:100910007BFF062000F07AFA47E5FA21890006F00D
:1009200037FEB0E500F09CFF0123059A137051E5F6
:100930000520109900F0EAFA37E50C9A13708AE561
:100940000120139900F0E2FA2FE50220169900F039
:10095000DDFA2AE50220179900F0D8FA25E50120F2
:1009600000F054FA21E50D9B08201A8000F04EFAA1
:100970001BE500F03BFC3EE703201D9900F0C6FAA2
:1009800013E5002310E60422852021A9219300F01D
:10099000ABF90AE5189AD55C4B462800597803F064
:1009A000DFFD2800032104F083FF0421280004F068
:1009B00051FF044806F080F9172000F027FAF4E40C
:1009C000F0490200E0930400069F1B940E9C0F9DCB
:1009D000D0231B065B683B4226D106F063F9001B5F
:1009E000A941002902D12E4B9842F1D91B9C149E9B
:1009F000159F56E6092B00D06DE6119D03212800B6
:100A000004F056FF0521280004F024FF1298D0229C
:100A100084461B9B069912066344516258331B7827
:100A2000002B2BD0516156E61B9C149E159F06F09F
:100A300039F914961597069F1F901B940E9C0F9DD5
:100A4000D0231B065B683B421BD006F02BF9001B32
:100A5000A9410029CAD1124B9842F1D9C6E7119D8C
:100A60000521280004F0F6FED023069A1B069A62A0
:100A700001210022280004F007FF2CE6069B936169
:100A800029E61B9C149E159F06F00CF91F9BC31AA8
:100A9000149308E6FA21890006F07AFD4CE4C0467A
:100AA000F04902000022024B1A70024B1A70704784
:100AB0008F2E00208A2E0020F0B55746DE464E4687
:100AC0004546E0B57E4BB9B001931B780700049111
:100AD0000592002B00D0CFE07A4B7B4E98467B4BA3
:100AE000C2469B468046002009F076FE019B1D7899
:100AF000831C00D1AEE03378C4B2042B1DD852461B
:100B00009B00D3589F4672490A78531CDBB20B7086
:100B100070498C54704A12789A420ED10423337073
:100B20000BE0C02C00D98DE000226B4B1C70684B91
:100B30001A7063425C4103343470002DD3D04746B1
:100B40009AE0AA2CF9D101233370F6E75B461B78B3
:100B500007AF3B709946604B5E491B7806A81A00A8
:100B600006307B700391029308F058F8029B002036
:100B700002339C4662460023A4460721140028E065
:100B80005B00DAB25BB2002B2EDB5200D3B252B262
:100B9000002A2FDB5B00DAB25BB2002B30DB5200A5
:100BA000D3B252B2002A31DB5B00DAB25BB2002B67
:100BB00032DB5200D3B252B2002A33DB5B00DAB22E
:100BC0005BB2002B34DB53000130DBB201378442CF
:100BD00035D93A7853405AB2002AD1DA52004A4005
:100BE00053B2D2B2002BD0DA5B004B405AB2DBB228
:100BF000002ACFDA52004A4053B2D2B2002BCEDAEA
:100C00005B004B405AB2DBB2002ACDDA52004A40B8
:100C100053B2D2B2002BCCDA5B004B405AB2DBB2FB
:100C2000002ACBDA52004A4053B2D2B2002BCADAC1
:100C30005B004B400130DBB201378442C9D86446C7
:100C40009C4212D00023337077E7204B1C700223A4
:100C5000337072E74746002D0ED1280039B0F0BC42
:100C6000BB46B246A946A046F0BD039B47469A46FE
:100C7000002D15D000233370184B194C9846194B92
:100C8000994643461B7822783B70059B49461A706B
:100C9000049807F0C3FF0023019A01251370DCE7D5
:100CA0004A460E4B0E4C1A7098460E4B029A51460D
:100CB00018009946227007F0B1FF3570E1E7C04691
:100CC0008A2E002098DF00108F2E0020902E00200A
:100CD0008D2E0020D42B00208E2E00208B2E002065
:100CE000892E00207C240020F0B5C64600B5B2B0A5
:100CF00001AF06008846151E38707A7000D080E07B
:100D00003A00002000270721AC1C28E05B00DFB27E
:100D10005BB2002B2EDB7F00FBB27FB2002F2FDBFC
:100D20005B00DFB25BB2002B30DB7F00FBB27FB237
:100D3000002F31DB5B00DFB25BB2002B32DB7F00C8
:100D4000FBB27FB2002F33DB5B00DFB25BB2002B64
:100D500034DB7F000130FFB20132844235D9137891
:100D60007B405FB2002FD1DA7F004F407BB2FFB2F1
:100D7000002BD0DA5B004B405FB2DBB2002FCFDA42
:100D80007F004F407BB2FFB2002BCEDA5B004B40BE
:100D90005FB2DBB2002FCDDA7F004F407BB2FFB2F3
:100DA000002BCCDA5B004B405FB2DBB2002FCBDA1A
:100DB0007F004F407BB2FFB2002BCADA5B004B4092
:100DC0000130DFB201328442C9D8AA2009F09EFC6A
:100DD000300009F09BFC280009F098FC44460026EE
:100DE000002D07D001362078F6B209F08FFC0134CF
:100DF000B542F7D1380009F089FC32B080BCB84662
:100E0000F0BD6B46981D07F009FF79E78E2343403C
:100E10005AB270B50500002A34DB5B00DAB25BB26F
:100E2000002B36DB5200D3B252B2002A38DB5B0013
:100E3000DAB25BB2002B3ADB5200D3B252B2002AD4
:100E40003CDB5B00DAB25BB2002B3EDB5200D3B27C
:100E500052B2002A40DB5B00DAB25BB2002B42DB0D
:100E60005200D4B2AA2009F051FC832009F04EFCB4
:100E7000012009F04BFC280009F048FC200009F093
:100E800045FC70BD072352005A4053B2D2B2002B2A
:100E9000C8DA07225B0053405AB2DBB2002AC6DA36
:100EA000072352005A4053B2D2B2002BC4DA0722B1
:100EB0005B0053405AB2DBB2002AC2DA0723520069
:100EC0005A4053B2D2B2002BC0DA07225B00534023
:100ED0005AB2DBB2002ABEDA072352005A4053B29C
:100EE000D2B2002BBCDA07225B005340DCB2B9E778
:100EF00010B504000CF0BEFCC02800D9C020C2B25E
:100F000021008620FFF7F0FE10BDC04670B5B0B0DE
:100F10006E46307008000D000CF0ACFC0400BE28DA
:100F200000D9BE246B4622002900581C07F076FE2B
:100F30000022331902345A7031008220E2B2FFF7E6
:100F4000D3FE30B070BDC0465C23434370B5334D13
:100F50000400EB5C0A2B23D8314A9B00D3589F46F0
:100F60005C264643AE1971780320B27801F006FC86
:100F7000737859081F2B48D807220A4093009B1802
:100F8000284A9B009A18116801220A4026498C467B
:100F900063441A605C236343EB18587804F042FD05
:100FA00070BD083CE0B201F015FFF9E70F38431EB1
:100FB00098411E4B80039C46604405F08FFF5C23E4
:100FC0006343ED18687804F02DFDA87804F02AFD3D
:100FD000E6E75C235C432C190120A278617801F0DC
:100FE000CDFBA07802F0C0F8DAE75C234343EB18AE
:100FF00002209A78597801F0C1FBD1E75C23434382
:10100000EB185B7859081F2BB6D903220A40083227
:10101000B4E7083CE0B201F065FDC1E74C250020D3
:10102000ACDF001000000540001005400040034008
:10103000F0B557464546DE464E46CF22E0B5604BFA
:101040000021180087B0D2001C00039307F0E0FDD8
:1010500000225C4B10251A70230008245A491232D2
:1010600090466442CAB26D42AD1AA21A9146FF225E
:10107000FE249446FB3A92465448554F8844A405B2
:1010800012E00A785A70FF229A7062461A73FC22A4
:1010900092059A614F4A01319F605C61DA61DC63BD
:1010A00002305C33414510D0CAB25619F6B2012E57
:1010B00007D94A44D2B2072AE3D802785A70427854
:1010C000E2E752465A700522DEE7434F43493800B3
:1010D0000CF0F2FA0321042004F0BCFB03210520EC
:1010E00004F0B8FB00220121042004F0CDFB002213
:1010F0000121052004F0C8FBB82307220399DB0077
:101100006420CA54032405F00DFC02F0C5F8002841
:1011100050D11420013C05F005FC002CF5D1002332
:1011200000242F4D039A535503F07EFC0F23002813
:101130002ED0039A01345355032C03D0039B5B5DDF
:10114000002BF1D00023274D08242B70264B0026BE
:10115000984602A98C460F220123210038000096F0
:1011600062440CF0DBFA002804DB2B785A1C2A704E
:101170004246D4540134E4B2782C02D02B78072BA9
:10118000E7D907B0F0BCBB46B246A946A046F0BDC1
:1011900004F02AF810230028CBD104F013F900281A
:1011A00006D1022CCED0142005F0BCFB0134C5E7DB
:1011B0001123BEE7B8230B220399DB00CA54AEE724
:1011C0004C250020802E002098E0001078E00010D0
:1011D000F401C409CDCCCC3DB8100020801A060023
:1011E0001C0600007B2E002080160020F8B50400AD
:1011F0000D00112826D80300103B012B39D94F4B85
:101200001E78002E1AD10A291CD0FFF79DFE5C2300
:1012100063434B4F0021FD54FB181A002C32117010
:1012200000221A625A62FF229E809A815E789A7822
:101230000E2D23D8434BAD005B599F4608204249F1
:10124000FFF764FE0020F8BD300004F0EBFB032143
:10125000300004F02DFB0123D022B340120653626C
:1012600093615C2300226343FB1858331A700120FA
:10127000E9E702203549FFF749FEE3E75C23002256
:101280006343FA54DEE75C236343314A083330009A
:10129000FA503049304A01F0D1FA0120D3E75C23FB
:1012A00063432E4AFB183000DA8019895A8901F00D
:1012B000C5FA0120C7E7FF2AC4D02500083DEDB2DA
:1012C0002800310001F086FB5C236343FB1859338F
:1012D00001201D70B7E7FF2AB4D02500083DEDB20C
:1012E0002800310001F056FD5C236343FB185A339C
:1012F00001201D70A7E7FF2AA4D03000110001F0E3
:10130000AFF801209FE7300001F096F901209AE73D
:10131000192EB3D9300003F04DFA012093E73000C5
:1013200004F080FB0123D022B34012063000936208
:101330000121002204F0A8FA012084E7802E002079
:101340004C250020D8DF0010C8DA0010A4DA001005
:101350004C046C074C0400006C070000DC05000026
:101360001F4B70B51B7804000D00002B31D103001A
:101370000E3B012B27D8002922D02000FFF7E4FDE7
:1013800020000F38431E9841164B26009C468003D0
:1013900029006044083E05F011FDF6B2124D7600BA
:1013A000705D0221AD1904F055FA0221687804F04D
:1013B00051FA5C220A21012062430C4BD15470BDCA
:1013C000E1256D02D9E702200949FFF79FFD0020C2
:1013D000F5E708200749FFF799FD0020EFE7C04631
:1013E000802E00200040034088E000104C250020A3
:1013F000E0DA0010C8DA0010F0B5DE4657464E4677
:101400004546E0B52D4B91B09B461B789A46002B84
:1014100009D001239A46504611B0F0BCBB46B246F3
:10142000A946A046F0BD02AF0822FF21380007F010
:10143000EFFB04AB18000822FF21984607F0E8FBF9
:101440000723002599461E4E19E0012C12D1B078D1
:10145000FF280FD001F082FD00280BD1B1784B4658
:10146000490819407B5CFF2B01D0A34218D14346A9
:101470007C545D540135EDB25C36122D0CD03478BD
:10148000022C06D0E1D9033C012CF3D8002471785A
:10149000E5E701247178E2E701235A461370B8E7C3
:1014A0004346084A5B5C06A801910095282109F093
:1014B00007F8072006A9FFF729FDACE7802E0020DA
:1014C0004C250020F4DA001030B55C2444430C4B6A
:1014D000E35C0A2B12D10F38431E9841094B80035D
:1014E0009C466044002A09D00025202483691C42C0
:1014F000FCD14B5D01350360AA42F7D830BDC04630
:101500004C2500200040034002005C2050430F4B5C
:1015100010B5C35C00200A2B14D10F3A531E9A4118
:101520000B4B00249C46920362441030936918428E
:1015300009D193691842FCD113680B550134402C32
:10154000F4D1402010BDE0B2FCE7C0464C2500209D
:10155000004003400A0070B5112811D85C2358439D
:10156000174900240B181D002C355C732C709A80D1
:10157000415C5C78022909D003290CD0012900D0F4
:1015800070BD2000997800F0CDFFF9E71100200030
:1015900001F0B0F8F4E71D895E89711BCB0F5B1871
:1015A000DB03180C5043074905F0CAFFAB195B1069
:1015B000C1182A003300200089B201F0A3F9DFE747
:1015C0004C2500201027000010B5112805D85C23F9
:1015D0004343064A985C042800D010BDD0184389C4
:1015E0000289C180407801F08DF9F6E74C25002092
:1015F00070B5112808D85C246043084B1C18218161
:101600006281C35C042B00D070BDE5881300607854
:101610000A00290001F076F9F6E7C0464C250020C3
:1016200010B5112811D811290FD85C2214004C4391
:10163000064BE45C052C08D142439B1800225A73E8
:101640000022083919731A625A6210BD4C25002015
:10165000112810D85C225043074B1818037B7F2BAE
:1016600009D801234373030000222C331A7000238E
:1016700001610362436270474C250020F0B5464685
:101680004F46D6460400C0B5884617001E001128F4
:101690001ED85C25174B454399460C204D442856CF
:1016A000002815DB2B002C331B78002B15D05C2376
:1016B00063434B44180043460363030001222C3369
:1016C0001A70002387864373002E01D10023036222
:1016D000E0BCBA46B146A846F0BDC0B201F052FA2D
:1016E000824607F017F85346AB63002368652B6406
:1016F000DDE7C0464C25002010B5112805D85C2335
:101700004343054A985C052800D010BDD2185932D1
:10171000107801F05FFAF8E74C250020F8B547464D
:10172000CE46040080B5161C0F1C1D1C112849D87C
:101730002D4B002198465C234343381C4344994673
:1017400006F0DEFF00284AD04B465F645C27674303
:101750000021301C474406F0D3FF002841D0BE646E
:101760005C2666430021281C464406F0C9FF002879
:101770002CD000210898F56406F0C2FF002807D09D
:10178000FE210898890506F0ABFF089B002801D1CF
:10179000FE239B055C226243424400210998D363E7
:1017A00006F0AEFF002806D0FE210998890506F054
:1017B00097FF002801D1002309935C236343099A12
:1017C00043441A65C0BCB946B046F8BD00250021A7
:1017D0000898F56406F094FF0028D1D1D8E70027D7
:1017E000B2E70026BBE7C0464C25002030B51128E3
:1017F00006D85C256843034C201841618261C361AF
:1018000030BDC0464C25002010B5112805D85C22FB
:101810004243054BD35C052B00D010BD0838C0B245
:1018200001F084F9F9E7C0464C250020112805D8BD
:101830005C234343094A985C092800D07047D218BA
:10184000130058331970012352789340D0221206A6
:10185000002901D05361F1E79361EFE74C250020A7
:10186000CF23F0B5194CDB00C6462500984600266C
:10187000002700B52035A0440BE0012B05D1002244
:10188000A178607800F04EFEA6805C345C3544455B
:1018900012D066732E732F602378022B0FD0032B88
:1018A000EBD1638922896078094901F02BF8A68081
:1018B0005C345C354445ECD180BCB846F0BD0021B9
:1018C000607800F017FFA680DFE7C0464C250020B7
:1018D000DC050000F0B5C64600B5FFF7C1FF0022E9
:1018E0003D4B3E4C1A703E4B2600F825002798468B
:1018F00020362B00083B012B1BD923780A2B06D856
:1019000042469B00D3589F46607804F08BF8002332
:1019100027706373A7803373002333607360FF23E2
:101920000135EDB223732B00083B5C345C36012B90
:10193000E3D85C345C36092D4BD00925D9E7280063
:1019400001F048FAE3E7280001F0CCF8DFE763781C
:1019500059081F2B23D807220A4093009B18214ABD
:101960009B009A18116801220A401F498C46634463
:101970001A60607804F056F8C9E70120A27861780F
:1019800000F0FCFEA07801F0EFFBC0E761780320D7
:10199000A27800F0F3FE637859081F2BDBD90322ED
:1019A0000A400832D9E70220A278617800F0E6FE0A
:1019B000ADE7E81F431E98410C4B80039C466044F2
:1019C00005F08CFA607804F02DF8A07804F02AF87D
:1019D0009DE780BCB846F0BD802E00204C2500203D
:1019E00014E00010000005400010054000400340D6
:1019F000F0B5DE4657464E464546CF23E0B5DC4FB0
:101A0000DB003C009B4683B02034BB440C2038569E
:101A1000002800DAA7E07B7B002B00D0AFE0237B1F
:101A2000002B00D19FE0C0B201F0ACF8E36A0600E1
:101A30002069984606F06EFE0021051C404606F01F
:101A40005FFE002839D04046CA4906F00CFE636BA1
:101A50008046191C281C009306F0EBFD236B0190B7
:101A60009A4643005B0800215046994606F048FE1E
:101A700000280DD04946504606F0F5FD8246011C6F
:101A8000404606F03DFE5346002800D143469846A6
:101A90004946404606F02CFE00280ED10021019850
:101AA00006F02EFE002803D180231B0643449846EF
:101AB0004146009806F0C0FD051C3000656306F045
:101AC00029FE011C281C06F0B4FD8046A069301ACE
:101AD00006F020FE80231B069C46A649604406F0C3
:101AE000AEFD8146FE20A661E6698005311C06F048
:101AF000A0FD216A06F0B7FD4946051C301C06F022
:101B0000B2FD011C281C06F097FD81462062A08AC8
:101B1000002800D12AE106F0F8FD974906F08FFD74
:101B2000061C656A0021281C06F0EAFD002800D189
:101B300096E0434659004908281C06F0D9FD0028C4
:101B400000D18DE00023002223623B78BA80022B73
:101B500000D180E0032B00D114E1012B03D1B9782F
:101B6000787800F0DFFC5C375C345F4500D04DE7EF
:101B700003B0F0BCBB46B246A946A046F0BDC0B219
:101B800001F014F80600386906F0C4FD7B4906F040
:101B900056FD051C300006F0BDFD784906F04FFDEE
:101BA000011C281C06F045FD6168061C06F041FD7D
:101BB000704906F044FD6F4982466660301C06F0AD
:101BC00052FD2168804606F037FDA368051C2060A1
:101BD0000021181C994606F093FD002813D04946B1
:101BE000281C06F08DFD00280AD180231B069C4688
:101BF000E1444946281C06F06DFD002800D1EFE0C5
:101C00004B464D4623607969301C06F02CFDB969BE
:101C1000061C281C06F027FD011C301C06F00CFDDC
:101C2000F969061C504606F01EFD011C301C06F02A
:101C300003FD5149061C06F063FD002800D1B6E003
:101C40004146281C06F0F5FC20604D4A3B78BA80DE
:101C5000022B00D07EE71100787800F04BFD82E780
:101C60004449404606F0FFFC2168009006F0E4FC81
:101C7000A368051C20600021181C9A4606F040FD50
:101C8000002813D05146281C06F03AFD00280AD13E
:101C900080231B069C46E2445146281C06F01AFD90
:101CA000002800D19AE053465546236040467969A2
:101CB00006F0D9FCB9698046281C06F0D4FC011C4A
:101CC000404606F0B9FCF9698046484606F0CBFC70
:101CD000011C404606F0B0FC8046011C301C06F09A
:101CE000F9FC002806D0281C009906F0A2FCB0469A
:101CF000051C206080231B069C4666444146301C20
:101D000006F0FEFC002805D00099281C06F091FC86
:101D1000B0462060A66A0021301C06F0F1FC0028C5
:101D20001CD043465D006D080021281C06F0E8FC2D
:101D3000002813D0291C301C06F0E2FC00280DD02E
:101D40000021404606F0DCFC00283DD00A49301C4A
:101D500006F089FC06F000FD02B2F6E606494046B0
:101D600006F081FC06F0F8FC02B2EEE6024ED8E680
:101D70004C2500200AD7233C0000C8420000204127
:101D8000102700003D897E89711BCB0F5B18DB0398
:101D9000180C5043134905F0D3FBAB195B10C11865
:101DA0002A003300787889B200F0ACFDDBE60E49FA
:101DB000301C06F08FFC0028C8D04146281C06F0D5
:101DC00038FC0A4A2060C0E680231B060849F01848
:101DD00006F049FC06F0C0FC02B2B6E6AA4662E78D
:101DE000A9460DE7102700000000C8C2F0D8FFFF89
:101DF0000000C842F0B5DE4657464E464546E0B5BF
:101E0000E54CE64BD1B0E35C002B0AD1E44D2B88C6
:101E1000002B00D10DE301339BB2F92B00D906E36F
:101E20002B8004F03FFF002900D18EE2FA2200232C
:101E3000920005F0EBFB0023F82505269B46D94BC5
:101E4000209020AF05932378002B1ED0B02E21D8F0
:101E50002A000832BA55B21CD2B29246721CD2B2D3
:101E6000BB54112B24D8059A9B00D3589F4651464A
:101E70000422A35EF21C7B54D2B204361B12F6B2CB
:101E8000BB545B460133DBB29B460135EDB25C349B
:101E90000A2DD8D15B463200390081203B71FEF714
:101EA00023FF51B0F0BCBB46B246A946A046F0BDE8
:101EB0005646E6E718AA94461623634498461DAB97
:101EC00099461E23634401931FAB00931A23414696
:101ED000634448461EAA03F0FFFAF31CDBB20C93DE
:101EE000331DDBB20893731DDBB20993B31DDBB264
:101EF0000D93F31DDBB20A9333000833DBB2079373
:101F000033000933DBB20E9333000A33DBB206939E
:101F100033000B33DBB2159333000D33DBB2169372
:101F200033000C33DBB20E361793F6B2002800D024
:101F300056E2002300209946002198469C461093C3
:101F400011931293139314930B930F935346109A78
:101F5000FA540C9B119AFA54089B129AFA54099B52
:101F6000139AFA540D9B149AFA544A460A9BF85451
:101F7000079BFA5442460E9BF954069BFA54159B54
:101F80000B9AFA546246179BFA54169B0F9AFA540E
:101F900077E71DAB18AA94469846122363449946E6
:101FA0001E23634402931FAB01931A23162263443A
:101FB000009341461EAB4846624403F099F9330052
:101FC0000E33DBB20A9333001033DBB20D933300D0
:101FD0000F33DBB20B93F31CDBB20C93331DDBB27C
:101FE0000E93731DDBB20993B31DDBB20F93F31D88
:101FF000DBB2109333000833DBB2069333000933AE
:10200000DBB2079333000A33DBB2119333000B3397
:10201000DBB2089333000C33DBB20D361293F6B209
:10202000002800D0AEE10023002099469846002108
:102030009C4613931493159316931793189319931F
:102040001A931B935346139AFA540C9B149AFA54FE
:102050000E9B159AFA54099B169AFA540F9B179ADD
:10206000FA54109B189AFA544A46069BFA54424670
:10207000079BF854119BFA546246089BF954129B33
:10208000FA54199B1A9ABB550A9BFA540B9B1B9A3C
:102090000D9EFA54F5E602F0C9FE1DAB18A98C4658
:1020A0009946162212204946604462441EAB0490B1
:1020B00003F074F818AA94461A23634498461E2322
:1020C00063441A0040461FA903F07EF818AB18229B
:1020D0009B5E9C4618AB1220185E4B460021595E51
:1020E00018AB16229A5E4346069200229A5E18ABFF
:1020F00007921C229B5E984618AB1E229B5E62468E
:1021000099465346FA54F31CDBB29A4693B21B0A23
:102110009C4653466246FA54331DDBB2F854731D95
:1021200080B2DBB2000AF854B01DC0B23954F01DC1
:1021300089B2C0B2090A3954310006980831C9B2CF
:102140007854310082B20931C9B2120A7A5432008D
:10215000079B0A32D2B2BB5432009BB20B32D2B2CE
:102160001B0ABB54330042460C33DBB2FA54320034
:1021700043460D329BB2D2B21B0ABB54330032002D
:1021800049460E33DBB2F9540F328BB2D2B210365D
:102190001B0AF6B2BB5474E64C2500201C06000056
:1021A000682E002040E0001018AA1E239446607894
:1021B00063441A381900C0B2984602F019FB53461E
:1021C000F21CF854D2B2000AB8544246331D1278B9
:1021D000DBB20536F6B2FA5453E618AA94461E232B
:1021E00063441800984602F093F8E8E758235246F3
:1021F000E35C0336F6B2BB5443E60122D023617898
:102200001B068A405B68033613405A1E93415246B0
:10221000F6B2BB5435E652468F4B30001B780A307D
:10222000BB54F21CD2B29146721DD2B29046B21D7E
:10223000D2B20892F21DD2B2069232000832D2B265
:102240009246C2B207923200311D0932C9B2D2B2EF
:1022500094460991002B7DD04946804A10787854E5
:10226000012B00D1F3E0517809983954022B74D036
:10227000404691783954032B72D0D178089839545C
:10228000042B70D0117906983954052B6ED0504626
:1022900051793954062B6CD0604691793954072B0B
:1022A0006AD0D37969E01FAB18AA984694461E23DA
:1022B0006344994619004246280000F03DFE4B4613
:1022C00052461B88F11CBB54C9B21B0A7B544346BF
:1022D000321D1B78D2B20536F6B2BB54D1E52800C8
:1022E00000F050FC8046280000F060FC5346424657
:1022F000FA54F31CDBB21212FA544246331DDBB21D
:102300001214FA544346721DD2B21B16BB54B31DAD
:10231000DBB2F854F31D0212DBB2FA543300320080
:10232000093308320114DBB2D2B20A360016B954AE
:10233000F6B2F854A5E55146E388F21C7B54D2B2BC
:1023400004361B0AF6B2BB549BE5FA21890005F05E
:102350001FF970E54A46BB547B5400234246BB54E8
:102360000023089ABB540023069ABB54002352460C
:10237000BB5400236246BB540023079A0B36F6B2C7
:10238000BB547EE54B461B7813934B461B881B0AB8
:10239000149343461B78159343461B881B0A1693D8
:1023A00018AB9B7D179318ABDB8A1B0A189318ABED
:1023B0001B7E994618AB188B9B7E000A984618AB7B
:1023C000598B1B7F090A9C4618AB9A8B130A1993E9
:1023D00018AB9B7F1A9318ABDB8B1B0A1B9331E660
:1023E0004B461B7810934B461B881B0A11934346A0
:1023F0001B78129343461B881B0A139318AB1B7E52
:10240000149318AB188B9B7E000A994618AB598B16
:102410001B7F090A984618AB9A8B130A0B9318ABCB
:102420009B7F9C4618ABDB8B1B0A0F938EE500232A
:10243000F6E402F0F7FC0378002B05D12B8801337A
:102440009BB2F92BF3D8EBE4FEF752FDF6E700233D
:10245000099ABB5481E7C0467B2E002080160020DD
:10246000F0B5C646012600B505000C0003F0DAFA07
:102470003200D023AA401B065A6220009A6100F065
:102480006DFD051E05D0200000F076FD80BCB8462D
:10249000F0BD0421200003F0DDF962081F2C26D9CD
:1024A0000323134019009A00D218194BA0279C4609
:1024B00008318B0058189200800060446244D55166
:1024C0008560C560134D0561A42010251550D651B7
:1024D0005B18114A9B009A181049E4071268E41728
:1024E00061400A400E498C4663441A60CEE70721DA
:1024F0000748114084468B005A18064892006244EF
:1025000015609560D5601061102050601660DFE79F
:1025100000000540691800000C000540FFFF0000A6
:102520000C10054070B501231500D0220C0083402B
:102530001206002D0DDB0800536100F00FFD00288E
:102540001BD035498D4242DD3449200000F0F8FDB2
:1025500070BD0800936100F001FD00280DD0304BE4
:102560009D42F1DBEB17ED185D402C48ADB22A49D6
:10257000684305F00DF881B2E7E7274B281C9D4220
:1025800042DC274B00B298423CDBC317C0185840CE
:1025900083B224482049584304F0D2FF63081F2C1B
:1025A00024D903221A40083293009B181E4A9B002C
:1025B00094466344E40723D51C4A0004196841404B
:1025C0000A40802149018C4663441A60C0E7EA173B
:1025D000AB1853409BB2002D1CD09801C0180001CD
:1025E000C018400004F0D4FF81B2AEE707221A40C1
:1025F00093009B180C4A9B0094466344E407DBD489
:102600000B4ADBE71800C0E7181C054B00B29842E4
:10261000BBDAF7E7074998E7102700002208000017
:10262000F0D8FFFF691800000C0005400000FFFF14
:10263000FFFF000023080000F8B50400042103F0A8
:1026400009F962081F2C2BD8072123481140844622
:1026500000208B005A189200624410609060D06095
:102660001E481061102050600F38106001201C4D72
:102670001C4AAC465B189B0020409C181A4A4142F9
:102680004A4021686344114019601849404208409B
:1026900017498C462168604441400A401A60F8BDE1
:1026A0000323134019009A00D2180B4B00269C46B6
:1026B000A02508318B0058189200800060446244C5
:1026C00056518660C660054E0661A420102616503D
:1026D000A3385051CAE7C046000005406918000001
:1026E0000C1005400C000540FFFF0000CCF3330C3C
:1026F000340C00001B4A10B50B1C0400914200DD95
:10270000131C194A1BB2934200DA130017481549EB
:10271000584304F015FF154BC21863081F2C14D83A
:10272000072119408B005B1811499B008C466344BC
:10273000E40715D50F491204186842400A40802169
:1027400049018C4663441A6010BD032119400831C9
:102750008B005B1806499B008C466344E407E9D470
:102760000549E9E710270000F0D8FFFF340C00000E
:102770000C0005400000FFFFFFFF000010B5140033
:10278000012825D04B081F2915D903221A400832E9
:1027900093009B18224A9B0094466344C90714D4B3
:1027A0002048214A196841400A40802149018C464D
:1027B00063441A6010BD07221A4093009B18184A00
:1027C0009B0094466344C907EAD51848184AE9E7CC
:1027D000D02388401B065861100000F0BFFB002882
:1027E00004D02000134900F0ABFCE3E763081F2C82
:1027F00011D807221A4093009B18094A9B009A1887
:1028000011680948E207D21742400A400A498C463B
:1028100063441A60CEE703221A400832EBE7C04651
:102820000C000540340C0000FFFF00000000340CD9
:102830000000FFFF230800000C100540F8B504005D
:10284000032103F035F80421200003F003F86208A7
:102850001F2C24D8072124481140844600208B00D7
:102860005A189200624410609060D0601F485B1854
:1028700010618020C0005060012010601C4A9B0045
:1028800094466344E4072CD41A481B4A1968414013
:102890000A40802149018C4663441A60F8BD032335
:1028A000134019009A00D2180F4B00269C46A02511
:1028B00008318B00581892008000624460445651E1
:1028C0008660C660094E5B1806618026A420F6006B
:1028D0001650A3385051064A9B0094466344E407BF
:1028E000D2D50648064AD1E7000005409698000078
:1028F0000C000540710B0000FFFF00000000710B91
:102900000000FFFF10B514000A1CA14200D2221CD7
:1029100091B2994200D91A1C92B253019B1A9B00A2
:102920009B189B0942081F2816D8072111408A00CE
:1029300052180C4992008C461B0462441B0CC007C1
:102940000ED509491B04106843400B408021490102
:102950008C466244136010BD032111400831E6E744
:102960000249F0E70C0005400000FFFFFFFF0000F8
:1029700070B5144B1A56002A23DBD300124D9B1A54
:10298000DB00EC18A17800291BD05D5D01231E003F
:10299000D021AE400906486849683040451EA8412C
:1029A00065784000AB400B40591E8B4103430748FC
:1029B0006568815C8354890005480B43C3565B19E5
:1029C000636070BD0C1F0020181D0020E01E002059
:1029D000A0E00010F8B557464E464546DE46E0B545
:1029E00005000F00160007285CD8384C2378002B10
:1029F0005ED0374B994600218846EB00354A5B1B79
:102A0000DB00D41861606163210040469F5430317F
:102A100008330870E070414698182822667006F066
:102A2000F7F842462C4B38005A559A4601234A463D
:102A30009B46A3706BB2D355935502F0F3FF5B46F0
:102A4000BB409846D02342461B0699465C469A6294
:102A500001210022380002F017FF300002F0E2FFEF
:102A6000B4404B4600229C620121300002F00CFF72
:102A70004B464A4641465B6852680B40591E8B41A3
:102A80001440621E94415B001C43534601220C21FA
:102A900038005C55114B02F049FF01220C21300037
:102AA00002F018FFF0BCBB46B246A946A046F8BDEE
:102AB0000B4803F0A3FB0121054B1E2218004942DD
:102AC000994606F0A5F80123237094E7812E002093
:102AD0000C1F0020181D0020E01E0020712900108E
:102AE000D81E002070B5072807D8C4000D4E241A40
:102AF000E4003519AB78002B00D170BD00220C2109
:102B0000A05D02F0E7FE00220C21687802F0E2FEF0
:102B1000FF22054B315D5A5469785A540023AB703B
:102B2000EBE7C046181D00200C1F0020F8B5072851
:102B300025D8C400124D241AE4002F1900220C21BC
:102B4000605D02F0C7FE00220C21787802F0C2FE20
:102B50002000002608302822002140197E6006F05F
:102B600057F83B0030337E631E7001220C21285D34
:102B700002F0B0FE01220C21787802F0ABFEF8BD25
:102B8000181D002007280DD8C200074B121AD200CA
:102B90009B189A78002A05D05868DB78002B02D061
:102BA000404200E000207047181D002007280DD883
:102BB000C200074B121AD2009B189A78002A05D03F
:102BC000586BDB78002B02D0404200E000207047B9
:102BD000181D0020072805D8C200034B121AD20086
:102BE0009B18D9707047C046181D0020F8B5684C76
:102BF000A378002B11D03026A55D0A21681C04F0B3
:102C00009FFC8B1C9B00E258642367680235BA1A4C
:102C10005343AD0063636751A1553A23E35C002B36
:102C200012D06826A55D0A21681C04F089FC0B00FF
:102C300010339B00E2586423E76B1035BA1A5343F4
:102C4000AD00E3666751A1557223E35C002B13D0FE
:102C5000A026A55D0A21681C04F072FC0B001E333F
:102C60009B00E2586423676F1E35BA1A5343A422AF
:102C7000AD00A3506751A155AA23E35C002B14D0EB
:102C8000D826AC23A55D0A21681CE75804F058FC3F
:102C90000B002C339B00E2586423BA1A5343DC2206
:102CA0002C35AD00A3506751A155E223E35C002B06
:102CB00016D08826E4237600A55D0A21681CE75813
:102CC00004F03EFC0B003A339B00E2586423BA1A2E
:102CD00053438A223A355200AD00A3506751A155A3
:102CE0008D235B00E35C002B17D0A4268E23760097
:102CF000A55D5B00681C0A21E75804F021FC0B006D
:102D000048339B00E2586423BA1A5343A62248353D
:102D10005200AD00A3506751A155A9235B00E35CAD
:102D2000002B17D0C026AA237600A55D5B00681C87
:102D30000A21E75804F004FC0B0056339B00E258CC
:102D40006423BA1A5343C22256355200AD00A35031
:102D50006751A155C5235B00E35C002B17D0DC262F
:102D6000C6237600A55D5B00681C0A21E75804F0C5
:102D7000E7FB0B0064339B00E2586423BA1A534309
:102D8000DE2264355200AD00A3506751A155F8BD55
:102D9000181D002070B50D001400072817D80C4B23
:102DA000C000C1541B1801265A70002208009A80E6
:102DB0009A719E7002F036FE3300AB40D025A640DB
:102DC0002D066B622000AB6102F02CFEAE6270BD7E
:102DD000102E0020072804D80022024BC0001B1828
:102DE0009A707047102E00200722F8B54C484D4DC0
:102DF000037801331340DC0029198978002934D184
:102E000001331340DC002919897800292DD10133C1
:102E10001340DC0029198978002926D10133134099
:102E2000DC002919897800291FD101331340DC0007
:102E300029198978002918D101331340DC00291998
:102E40008978002911D101331340DC0029198978D0
:102E500000290AD1591C13000B40DC001A002B1961
:102E60009B78002B02D10270F8BDDAB20127027004
:102E70003A002B5DD0269A4036060A200021726166
:102E800003F0DAFC3A002B5D64209A400021B26125
:102E900003F0D2FC3A00736823489C462B195B78F8
:102EA000816A9A40214F836A5B1ABB4206D87368D5
:102EB00013422CD1836A5B1ABB42F8D91A48836A41
:102EC0005B1A1A498B4226D8D026816A184F3606DB
:102ED00003E0836A5B1ABB4202D873681342F8D1DD
:102EE000114B2C199B6A5B1A952B0CD99800C018B2
:102EF000104B4000984206D83A2104F049FB0123C8
:102F0000A080A371B0E70023A380A371ACE7634660
:102F10001A42CFD1D2E700232C19A371A4E7C046EF
:102F20008C2E0020102E002000400540871300004A
:102F300070940000798A0300072809D8064BC00066
:102F40001B189878002803D098889B79088001E0A6
:102F500000230B8013707047102E00200300002008
:102F6000152B05D8034A01301A410123104058405F
:102F70007047C046FF10DFFFF0B54E46DE465746AD
:102F80004546E0B5060089B01D2805D8152803D8A8
:102F90005B4B0341DB0706D509B0F0BCBB46B2462C
:102FA000A946A046F0BD574B9A46430099461B18C8
:102FB0009B0053441B7A002B70D04B4652469B1902
:102FC0009B00D45853445B6898464F4B9C4276D044
:102FD0004E4D2B78002B79D04D4B1A680125404679
:102FE00029008140236803918B434A4947008C465E
:102FF000802123603B18DB00E31863440906196055
:10300000196080235B020493931DD1011B030B43C2
:10301000414920000B408021C9050B430593C02383
:103020001B030693B3021943079104AB41460AF010
:103030004DF9434610339D4063681D42FCD1434621
:103040009B009B46A3445A46344B4744FF00136100
:10305000E719334BD8373B60324B30003B60324B83
:10306000E118090D0631C9B202F0F4FB0123320068
:103070004146200000930AF0CFF863681D42FCD15E
:103080005A462A4B13612368039A13432360330083
:1030900001224B449B0053445A727DE700211A4899
:1030A0000AF022F8002825DB174A4B4651469B19A7
:1030B0009B00CA500122534458601A727DE71C4D90
:1030C0002B78002B0CD01B4B1A6887E71A491B483A
:1030D0000AF026F80E4B0200186001232B707DE7E2
:1030E000200015490AF01CF8124B02001860012359
:1030F0002B7073E70121114809F0F6FF0F4AD4E75E
:10310000FF10DFFF9C2C002000002050882E0020A4
:1031100078240020D0100000FFFFFF9F220800004D
:1031200080800000C06000000000E0AF23080000C5
:10313000872E002074240020B0E0001000003050E2
:1031400010B51D280CD843001B18064C9B00E21834
:10315000507A002804D01859536804339B00195042
:1031600010BDC0469C2C002070B504001D2807D857
:1031700043000D4A1B189B00D518297A002900D15D
:1031800070BD0126300069689A588840136805218F
:1031900083431360200002F05DFBD023A6401B0692
:1031A0009E6100236B72EBE79C2C0020F0B5CE46AD
:1031B00047460122002380B5354D85B003AC10434E
:1031C00023706070220029210093280002330AF046
:1031D0009BFA03F067FD002955D0FA2200239200E4
:1031E00004F014FAFA239B0099461323984681446D
:1031F000434600272370220001232921280000973D
:103200000AF082FA012805D0002005B0C0BCB946FA
:10321000B046F0BD0B266E44012332002921280060
:1032200000970AF07BFA0128EED103F03BFD00295C
:103230001FD0FA220023920004F0E8F981451ED342
:1032400033785B07D4D00C230026FF3323800A3B5E
:1032500022002921FF3B280000960AF055FA26801B
:10326000022322002921280000960AF04DFA0120AD
:10327000CBE7FA21890004F08BF98145E0D20548BB
:10328000FDF736FEC0E7FA21890004F081F9A9E7CD
:10329000B810002014DB0010F0B54E464546DE465F
:1032A0005746E0B50A2697B00024C0236A46254D4C
:1032B0006E4413763470292128000094BF3B06AA7F
:1032C0000AF022FA012813D03378402100931E4AD5
:1032D000002306A807F0F4F806A8FDF709FE00246D
:1032E000200017B0F0BCBB46B246A946A046F0BDD0
:1032F000320001232921280000940AF00FFA3178C6
:10330000431E07005A42534100910F4A402106A82C
:1033100007F0D6F806A8FDF7EBFD012FDFD13378D3
:10332000EE2BDCD16B46892629211E76280001234D
:10333000009406AA0AF0E8F9012809D00348FDF72D
:10334000D7FDCCE7B810002028DB001050DB0010C0
:103350000B276F4401233A002921280000940AF02A
:10336000DDF90128EAD101223B78292113436A467D
:10337000280053761676022306AA00940AF0C4F9B0
:1033800088236A46292113832800863B06AA0094D5
:103390000AF0BAF9C0236A465B0013837F3B2921F8
:1033A000FF3B06AA280000940AF0AEF96A46FE4BDD
:1033B00029211383FE3BFF3B06AA280000940AF054
:1033C000A3F96B4629211C8306AA02232800009436
:1033D0000AF09AF991236A4629211376280000946D
:1033E000903B06AA0AF090F9012801D100F063FD94
:1033F000802300246A465B0013832921FE3B06AA32
:10340000280000940AF080F9FF236A4629211383DB
:103410002800FD3B06AA00940AF076F980236A464C
:103420002921138328007E3B06AA00940AF06CF938
:1034300060236A4629211376280000945F3B06AA80
:103440000AF062F9012801D100F02CFD12223B782C
:10345000002413434E3292466A4651465376117603
:10346000022306AA3739280000940AF04DF94423B4
:1034700099466B464A4629211A832800022306AA48
:1034800000940AF041F9C94B292198466B464246FF
:1034900028001A83022306AA00940AF035F9FF23B4
:1034A0006A465B42138302332921FF3306AA2800B0
:1034B00000940AF029F96B46BB4E29211E8306AA07
:1034C0000223280000940AF01FF96B4629211C836F
:1034D00006AA0223280000940AF016F9FF276B467B
:1034E00029211F8306AA0223280000940AF00CF960
:1034F00009236A46292113832800073B06AA009462
:103500000AF002F910236A462921138328000E3B92
:1035100006AA00940AF0F8F811236A4629211383B9
:1035200028000F3B06AA00940AF0EEF892236A46A0
:103530005B001383233B2921FF3B06AA280000944C
:103540000AF0E2F8DB236A465B4213832921DD336C
:1035500006AA280000940AF0D7F875236A462921A4
:1035600013832800733B06AA00940AF0CDF86B463B
:1035700029211E8306AA0223280000940AF0C4F819
:103580006A468B4B292113832800022306AA009444
:103590000AF0BAF848236A46292113832800463BDB
:1035A00006AA00940AF0B0F86A46824B29211383D8
:1035B0002800022306AA00940AF0A6F86B462921E7
:1035C0001F8306AA0223280000940AF09DF8932383
:1035D0006A461B0113832921022306AA28000094AE
:1035E0000AF092F854236A46292113832800523B9B
:1035F00006AA00940AF088F86F4B29219B466B4677
:103600005A4628001A83022306AA00940AF07CF87E
:103610006A466A4B292113832800022306AA0094D4
:103620000AF072F86A46664B2921138328000223A8
:1036300006AA00940AF068F86A46624B29211383AF
:103640002800022306AA00940AF05EF86B46524650
:1036500029211A832800022306AA00940AF054F8AC
:1036600027236A46292113832800253B06AA0094B4
:103670000AF04AF8CA236A46DB0013832921022391
:1036800006AA280000940AF03FF851236A4629212F
:10369000138328004F3B06AA00940AF035F86A46C7
:1036A000494B292113832800022306AA00940AF01B
:1036B0002BF86A46454B292113832800022306AACA
:1036C00000940AF021F86A46414B2921138328000F
:1036D000022306AA00940AF017F861236A462921FA
:1036E000138328005F3B06AA00940AF00DF86223BA
:1036F0006A46292113832800603B06AA00940AF039
:1037000003F864236A46292113832800623B06AA32
:10371000009409F0F9FF65236A46292113832800E4
:10372000633B06AA009409F0EFFF6A46294B292162
:1037300013832800022306AA009409F0E5FF6B46D4
:1037400029211E8306AA02232800009409F0DCFF29
:103750006A46214B292113832800022306AA0094DC
:1037600009F0D2FF6A461D4B29211383280002234A
:1037700006AA009409F0C8FFB7236A465B42138388
:103780002921B93306AA2800009409F0BDFF4A2375
:103790006A46292113832800483B06AA009409F0B1
:1037A000B3FF6B4629211BE0FF010000452000000C
:1037B0004E2C0000302000003104000032030000D5
:1037C0004083FFFF462500005296FFFF5608000089
:1037D0005730000066A0FFFF2232000047140000AF
:1037E0001F8306AA02232800009409F08DFF6A4671
:1037F000FE4B292113832800022306AA009409F016
:1038000083FF7B236A46292113832800793B06AA7C
:10381000009409F079FF6A46F54B292113832800AB
:10382000022306AA009409F06FFF6B4629211E832C
:1038300006AA02232800009409F066FF6A46ED4BB1
:10384000292113832800022306AA009409F05CFFB3
:1038500042236A46292113832800403B06AA00948C
:1038600009F052FFBC236A465B4213832921BE3311
:1038700006AA2800009409F047FF6A46DE4B29217A
:1038800013832800022306AA009409F03DFF6A462C
:10389000DA4B292113832800022306AA009409F099
:1038A00033FF6A46D64B292113832800022306AA38
:1038B000009409F029FF6A46D24B2921138328007E
:1038C000022306AA009409F01FFFD1236A465B0178
:1038D00013832921022306AA2800009409F014FF6B
:1038E0006A46C94B292113832800022306AA0094A3
:1038F00009F00AFF6B4629211F8306AA022328002C
:10390000009409F001FFCD236A469B00138329210F
:10391000022306AA2800009409F0F6FE6A46BB4B73
:10392000292113832800022306AA009409F0ECFE43
:103930006B4629211E8306AA02232800009409F061
:10394000E3FE6B465A4629211A832800022306AA61
:10395000009409F0D9FE6A46AD4B29211383280053
:10396000022306AA009409F0CFFE6A46A94B29213A
:1039700013832800022306AA009409F0C5FE6A46B4
:10398000A54B292113832800022306AA009409F0DD
:10399000BBFE6B4629211F8306AA02232800009440
:1039A00009F0B2FE6B464A4629211A8328000223F9
:1039B00006AA009409F0A8FE42466B4629211A8304
:1039C0002800022306AA009409F09EFE6A46934B43
:1039D000292113832800022306AA009409F094FEEB
:1039E0006A468F4B292113832800022306AA0094DC
:1039F00009F08AFE67236A46292113832800653B64
:103A000006AA009409F080FE8E236A46DB00138329
:103A10002921022306AA2800009409F075FE7223CA
:103A20006A46FF331383703B2921FF3B06AA280017
:103A3000009409F069FE6A467A4B29211383913379
:103A4000FF3306AA2800009409F05EFE76236A463A
:103A5000292113832800743B06AA009409F054FE20
:103A600077236A46292113832800753B06AA009410
:103A700009F04AFE6B4629211E8306AA022328006C
:103A8000009409F041FE0E236A46FF3313830C3B7A
:103A90002921FF3B06AA2800009409F035FEFF23E8
:103AA0006A46292113832800022306AA009409F0FC
:103AB0002BFEC0235B0098466B46424629211A83A1
:103AC0002800022306AA009409F01EFE6A46564BFF
:103AD000292113832800022306AA009409F014FE6A
:103AE0006B4629211E8306AA02232800009409F0B0
:103AF0000BFEC7236A465B0013838D3B2921FF3BE6
:103B000006AA2800009409F0FFFD80236A465B00A6
:103B100013832921FE3B06AA2800009409F0F4FD36
:103B20006B4629211F8306AA02232800009409F06E
:103B3000EBFD80236A462921138328007E3B06AAD9
:103B4000009409F0E1FD6A46384B292113832800CF
:103B5000022306AA009409F0D7FD0C236A46FF331E
:103B600013830A3B2921FF3B06AA2800009409F091
:103B7000CBFD6A462E4B292113832800022306AA77
:103B8000009409F0C1FD6B46424629211A832800A2
:103B9000022306AA009409F0B7FD6B4629211E8373
:103BA00006AA02232800009409F0AEFD6B462921E5
:103BB0001C8306AA02232800009409F0A5FD6A468A
:103BC0001C4B292113832800022306AA009409F024
:103BD0009BFD83236A462921137628000094823BAB
:103BE00006AA09F091FD04AE26E0C0467A0A00005C
:103BF000782100002334000045260000460500001F
:103C0000404000000E060000434000003544000024
:103C10004B0900004C0500004D040000470800005F
:103C20004828000072FEFFFF01F8FFFF0A040000B1
:103C300001E8FFFFFF060000012800D12AE104226D
:103C400033780024134383276A4629215376177655
:103C5000022306AA2800009409F056FD6A469A4BF2
:103C6000292113832800022306AA009409F04CFDA1
:103C700082236A46FF331383803B2921FF3B06AA38
:103C80002800009409F040FDC0236A465B001383BE
:103C90007F3B2921FF3B06AA2800009409F034FD50
:103CA0006A468A4B292113832800022306AA00941E
:103CB00009F02AFD6B4629211F8306AA022328004A
:103CC000009409F021FD02F0EDFF002900D1D8E0B9
:103CD000FA220023920003F099FCFA239B009846F5
:103CE000832780446B4600241F7629210123280066
:103CF000009406AA09F008FD012804D07448FDF7D5
:103D0000F7F8FFF7ECFA012332002921280000948C
:103D100009F004FD0128F1D102F0C4FF002900D10F
:103D2000AAE0FA220023920003F070FC804500D242
:103D3000ACE03378002BD5D084236A46FF3313835D
:103D4000002329219846009306AA0233280009F08F
:103D5000DBFC92236A461376434629210093280010
:103D6000013306AA09F0D0FC0128C7D1434632002E
:103D7000009329212800013309F0D0FC0128BDD18E
:103D800081236A461383434634782921009306AA87
:103D90000233280009F0B8FC6A464E4B29211383F0
:103DA000434606AA00932800023309F0ADFC8323A2
:103DB0006A467F271376434627400093292128002F
:103DC000013306AABB46E40909F09EFC012800D194
:103DD0007EE2042269463378280093434B76002321
:103DE0007F3298460A762921009306AA023309F009
:103DF0008BFC394B29219A466B4652461A8343461F
:103E000006AA00932800023309F07EFC80236A464C
:103E10005B00138343462921009306AA023328003E
:103E200009F072FCFF2399466B464A461A834346C3
:103E30002921009306AA0233280009F065FC80239B
:103E40006A46138343462921009306AA02332800B9
:103E500009F05AFCB0236A461376434629210093A1
:103E60002800013306AA09F04FFC01283CD01B486A
:103E7000FDF73EF8FFF733FAFA21890003F088FBDB
:103E800054E7FA21890003F083FB26E71448FDF785
:103E90002FF833E70123320029212800009409F08C
:103EA0003DFCCCE601233A0029212800009409F0CA
:103EB00035FCFFF7CBFA012329212800094A009499
:103EC00009F02CFCFFF794FAFF070000946B000048
:103ED00074DB0010FF060000FF01000088DB00100B
:103EE00060DB0010912E0020434632000093292110
:103EF0000623280009F012FC0628B8D16B4652466A
:103F00001A8343462921009306AA0223280009F0B8
:103F1000FBFB4F236A46138343462921009306AADD
:103F20000223280009F0F0FB6A46EE4B2921138397
:103F3000434606AA00932800022309F0E5FB6B46DE
:103F40004A461A8343462921009306AA02232800E1
:103F500009F0DAFB6A46E44B292113834346280023
:103F6000009306AA022309F0CFFB002C0FD00723F1
:103F700000249C4601206346010023409940E2084A
:103F8000B35C01348B43E4B2B3540C2CF3D107235C
:103F900000219C4601206746E208B35C2740994611
:103FA0008B4500D1AAE03B4101340340C918E4B27B
:103FB000C9B2302CEFD1B0236A4619203100002657
:103FC00013766844062204F029FE0723292106AA55
:103FD0002800009609F098FB02236A46FF331383FA
:103FE000292128000096FF3B06AA09F08DFB4020FE
:103FF000FFF7DCF8002800D18BE06A46BB4B292193
:1040000013832800022306AA009609F07DFB0020F6
:10401000FFF7CCF8041E00D180E06A46B44B29219A
:1040200013832800022306AA009609F06DFB502393
:104030006A4629211376280000964F3B06AA09F00C
:1040400063FB01286FD0C0236A4600265B00138300
:104050007F3B06AA292128000096FF3B09F054FB6C
:104060006A46A44B29211383FE3B06AA280000962A
:10407000FF3B09F049FB6B4606AA1E832921022358
:104080002800009609F040FB694691229A4B0A7677
:104090001B7806AA4B76280002232921009609F0F6
:1040A00033FB80236A465B001383292106AA28007C
:1040B0000096FE3B09F028FB6A46FF232921138363
:1040C000280006AA0096FD3B09F01EFB6A468023E5
:1040D00029211383280006AA00967E3B09F014FBD1
:1040E00080236A469B001383FF3B2921280000960A
:1040F000FF3B06AA09F008FBFFF7F2F80300BB40FC
:104100004F4601349F43E4B2B754302C00D042E70D
:1041100051E77A48FCF7ECFEFFF7E1F87848FCF746
:10412000E7FEFFF7DCF8012329212800009603AA07
:1041300009F0F4FA012886D151236A462921137621
:1041400028000096503B06AA09F0DEFA012800D0AC
:1041500079E70D236B449946292101234A4628001B
:10416000009609F0DBFA012800D06CE752236A467A
:104170002921137628000096513B06AA09F0C4FABB
:10418000012800D05FE70E276F4401233A00292160
:104190002800009609F0C2FA012800D053E76B46C8
:1041A0001B7B6A4698464B461B783F789A4670239D
:1041B00029211376280000966F3B06AA09F0A4FA7D
:1041C000012800D03FE70F236B44994629210123A2
:1041D0004A462800009609F0A1FA012800D032E7EB
:1041E000534601339F404346FA2101335B00DBB263
:1041F0005A01D21A5201D3181E01F61A3602F536A8
:10420000FF368900300003F0C3F9FA210137784303
:10421000C9008046300003F0BBF9FA214044890010
:1042200003F0B6F9FF231B019C46364B60449842CD
:1042300000D908E74B461B78FA2101335B00DBB25B
:104240005A01D21A5201D3181A01D31AFA22520073
:1042500090461B0298442C4BC9001B1A5E01F61AAB
:104260004046B600F61803F093F9FA21F600361826
:104270008900404603F08CF90100300003F088F912
:10428000C219002A42D0013A0023FF2A04D901337F
:1042900052089BB2FF2AFAD81E021643B6B26A46EB
:1042A000712300271376330A5376292106AA0223A5
:1042B0002800009709F028FA6A467223567613768A
:1042C000292102232800009706AA09F01DFABAE660
:1042D00043463200009329212800013309F01EFAD9
:1042E00077E5C0464E2C0000B6B4FFFF0102000087
:1042F00001E8FFFFFF010000912E0020A0DB00106D
:10430000B4DB0010E7800000E88000000026C6E76C
:10431000F0B587B013236A460026394D13750400A3
:10432000292128000096123B05AA09F0EDF9012881
:1043300008D0344E002C02D0334B1B7823703088C9
:1043400007B0F0BD0E276F4401233A002921280051
:10435000009609F0E3F90128EBD13B785B07E8D040
:1043600014236A462921137528000096133B05AAD9
:1043700009F0CAF9012839D01E236A4600271375AF
:104380002921280000971D3B05AA09F0BDF9012845
:104390000DD01C4E0C236A46FF3393820023292143
:1043A00000932800023305AA09F0AEF9C2E704AE73
:1043B0000223320029212800009709F0AFF90228D2
:1043C000E7D10F2233886A4411780E4E5BBA98B257
:1043D000490633800D4B090FCB400D49DB07814265
:1043E0007F41094ADB0F1F401770D3E70F220123DB
:1043F0002921280000966A4409F090F9BCE7C046DC
:10440000B8100020722E00207F2E0020010800002E
:10441000FD1F0000F0B587B06B4600250E229D738E
:10442000DD7301232C4E04000F00009301006A4449
:10443000300009F069F9012802D0002007B0F0BD72
:104440000F2201232100300000956A4409F066F92B
:104450000128F2D180236A465B01138221000223E6
:104460003000009504AA09F04FF90228E5D1033085
:1044700002F058FA6A46FE2357741374210002238F
:104480003000009504AA09F03FF90228D5D101387F
:1044900002F048FA80236A469B011382210002231E
:1044A0003000009504AA09F02FF90228C5D1033085
:1044B00002F038FA094B21001A68300004926A466B
:1044C0001B7913750523009504AA09F01DF9053819
:1044D00043425841C0B2B1E7B8100020C8E0001014
:1044E00030B5140005008A000E48E1B20632090218
:1044F0000240240A24040A432243190685B00A43D1
:1045000002921B0A02AA1371002329000093064895
:10451000053309F0F9F8053843425841C0B205B0F7
:1045200030BDC046FF00FFFFB810002010B5890065
:1045300084B002AA0631002311701021074C537079
:1045400053801171010000932000053309F0DCF85D
:10455000053843425841C0B204B010BDB810002025
:10456000F8B5DE4657464E4645460124E0B50500FF
:10457000D026AC4036068B46052101F06BF97462FB
:104580008548746102F098FB844BFF279946082305
:104590004B449A46012398460D20B46102F08CFBEF
:1045A00000253B0042462B411A4212D00D20746177
:1045B000013502F081FB082DF3D10D20746102F06A
:1045C0007BFB01239C46E144D1450AD04B461F7832
:1045D000E2E70D20B461013502F06EFB082DE0D159
:1045E000EBE76D4802F068FB5B46012B00D1A3E0CE
:1045F0006B4BD026994632234B449A460123FF2722
:10460000984636060D20B46102F056FB00253B00AB
:1046100042462B411A4212D00D207461013502F03E
:104620004BFB082DF3D10D20746102F045FBD14501
:1046300012D04B461F7801239C46E144E2E70D204F
:10464000B461013502F038FB082DE0D10D20746112
:1046500002F032FBD145ECD1524802F02DFB524B17
:10466000D026994608234B449A460123FF279846B3
:1046700036060D20B46102F01FFB00253B004246C8
:104680002B411A4212D00D207461013502F014FB47
:10469000082DF3D10D20746102F00EFB01239C461E
:1046A000E144D1450AD04B461F78E2E70D20B461C2
:1046B000013502F001FB082DE0D1EBE7364802F0AE
:1046C000FBFA3A4BD026994605234B449A460123E0
:1046D000FF27984636060D20B46102F0EDFA00255A
:1046E0003B0042462B411A4212D00D207461013525
:1046F00002F0E2FA082DF3D10D20746102F0DCFA29
:10470000CA4512D04B461F7801239C46E144E2E79C
:104710000D20B461013502F0CFFA082DE0D10D2053
:10472000746102F0C9FACA45ECD17461F0BCBB46B1
:10473000B246A946A046F8BD1D4BD0269946322365
:104740004B449A460123FF27984636060D20B46154
:1047500002F0B2FA00253B0042462B411A4213D028
:104760000D207461013502F0A7FA082DF3D10D2058
:10477000746102F0A1FAD14500D16DE74B461F7874
:1047800001239C46E144E1E70D20B461013502F0CC
:1047900093FA082DDFD1EAE71027000048E1001066
:1047A000E1E0001080380100D8E00010D1E00010F6
:1047B00015E1001010B5040008F0DEFF20001F21F5
:1047C00001F048F820000022002101F05DF82000EF
:1047D00000211A3C01F012F9E3B2022B04D80122A5
:1047E000024BA4005242E25010BDC046E40F00202C
:1047F0002B4AF0B5C6468846116803034B40E021BA
:10480000C9010B40274900B50B6080211025002607
:104810000424070024484900046013680B42FCD0BC
:104820005368013D1B041B0CF618002DF4D11F4DDD
:10483000BF00EA593009002A07DB43001818D300EB
:104840009B1A0A21C01802F07BFEE851092806DCF9
:10485000002300204246137080BCB846F0BD03F030
:1048600059FF134903F0FFFE124904F0C3F812493F
:1048700003F0F9FE1149051C03F02CFF0028E7D1D5
:104880000F49281C03F03CFF0028E1D10B49281CEC
:1048900003F0E9FE03F092FF012380B2DAE7C0469D
:1048A00000C0044000D0044000E00440E40F0020B9
:1048B0006740533A333393BF48E1DE410000204163
:1048C0000000A042F0B5DE4657464E464546E0B5EC
:1048D0004C4D83462B788A46914689B0002B52D1A5
:1048E000494C4A4B07AE98461F7802F0DBF900238B
:1048F000474A80185941002902DA012045494042BF
:104900000023029003910093320039002000043309
:1049100008F00EFF042833D1FE227378D2011B0267
:10492000134032781343042B08DC0024200009B024
:10493000F0BCBB46B246A946A046F0BD9FB23B1CA8
:104940004F4500D94B469BB2059343461B7898468A
:1049500002F0A8F900232E4A80185941002902DAF2
:1049600001202C49404200230290039100935246BB
:10497000059B4146200008F0DBFE059B98422AD0AB
:1049800001232B70D1E70023234A2B7008331360D7
:10499000224A23491360082210000B689843FBD178
:1049A000194C2049200008F087FE0321042000F064
:1049B00051FF0321052000F04DFF002201210420BA
:1049C00000F062FF00220121052000F05DFF1E20A3
:1049D00001F0A8FF85E75346191D4F450AD9059CEC
:1049E0005046043CA4B2220008F0E2FE5A46B378D6
:1049F00013709BE7043FBCB22200504608F0D8FE7B
:104A0000F4E7C046782E0020B8100020F20F0020F6
:104A1000400D0300FFFFFF7F00E0004000F000407A
:104A200008C00040801A0600F0B5DE4657464E46E4
:104A30004546E0B5ABB002F035F9002900D1B5E04C
:104A4000FA220023920002F0E1FDDD4B984200D8EB
:104A5000B4E00026DB4DDC4C05232A004A2120006F
:104A6000009608F051FE052800D1C5E005232A0074
:104A70004B212000009608F047FE052800D08EE06C
:104A80004B234B27994602F00DF9002900D1ADE0E8
:104A9000FA220023920002F0B9FD03004021CB4A24
:104AA000009716A805F00CFD16A8FCF721FA02F0F5
:104AB000F9F8002900D18CE0FA220023920002F0DC
:104AC000A5FDC34B984200D88BE002F0EBF800291B
:104AD00000D178E0FA220023920002F097FD804690
:104AE0008C220023BB4EBC4D5200002130002B70A5
:104AF00004F08EF802F0D6F80023B84A8018594125
:104B0000002902DA0120B6494042002300931933FC
:104B100002900391FF3332004946200008F008FE5E
:104B20008C235B0098426BD02B78002B00D044E1A3
:104B3000AC4D43468021AC4A2800009705F0C0FCEC
:104B40002800FCF7D5F90823A84AA9491360A94A07
:104B50001360082210000B689843FBD1A64920007F
:104B600008F0AAFD0321042000F074FE03210520B3
:104B700000F070FE00220121042000F085FE0520D7
:104B80000022012100F080FE1E2001F0CBFE00205B
:104B90002BB0F0BCBB46B246A946A046F0BD914A38
:104BA000964B31CB31C21B681360F0E7FA218900C4
:104BB00002F0EEFC824B984200D94AE7904B181A5B
:104BC00001F0B0FE45E7FA21890002F0E1FC8046E1
:104BD00086E7FA21890002F0DBFC7D4B984200D980
:104BE00073E7884B181A01F09DFE6EE7FA218900E1
:104BF00002F0CEFC030051E74A234A27994642E7D8
:104C00004B462B70FE21774BC901994633797E4A7A
:104C10000393B3784846029373781B020B403178B4
:104C200000970B4301938021434605F049FC484619
:104C3000FCF75EF9322001F075FEFF23734F06AEDC
:104C40003900337020223000FFF73CFEFF2133781B
:104C5000002800D039786E4A01910090502116A8A2
:104C600005F02EFC16A8FCF743F90A2001F05AFEC5
:104C7000152333809A46133BB370664B9B465946C7
:104C80009B785A1C8A70644AF370059207AB984669
:104C900083CA83C311682000196012791A71002336
:104CA000297832000093153308F02EFD15280BD01B
:104CB0005346019000934021584A133B16A805F033
:104CC000FFFB16A8FCF714F9052001F02BFE1523B5
:104CD00033809A46133BB3705B4659469B785A1C07
:104CE0008A704246F370059B143383CB83C21968E4
:104CF000200011601B791371002329783200009382
:104D0000153308F001FD15280BD053460190009390
:104D10004021424A133B16A805F0D2FB16A8FCF727
:104D2000E7F8052001F0FEFD152333809A46133B7A
:104D3000B3705B4659469B785A1C8A704246F370A2
:104D4000059B283383CB83C21968200011601B792F
:104D500013710023297832000093153308F0D4FC36
:104D600015280BD053460190009340212B4A133B4A
:104D700016A805F0A5FB16A8FCF7BAF8322001F03A
:104D8000D1FD01F08FFF002911D0FA2200239200FB
:104D900002F03CFC03002978214A0091484680211A
:104DA00005F08EFB4846FCF7A3F80120F0E6FA2157
:104DB000890002F0EDFB0300EDE71F0022E7C0468B
:104DC0004B04000050E10010B8100020DCDB0010A4
:104DD000FB0800008C1A0020F20F002020A1070021
:104DE000FFFFFF7FFC15002004DC001000E0004006
:104DF00008C0004000F00040801A0600CCDB001024
:104E00004C040000FC08000038DC0010E81E002004
:104E10007CDC00108816002058E10010A4DC001093
:104E2000D0DC001000487047FC150020F0B5574654
:104E3000DE464E464546E0B5C34BADB09A461B68CC
:104E4000002B00D1C3E0C14B08AF0593C04B08262F
:104E50009846C04BC04D994618E0002A13D1012353
:104E600042461370059B40211B88BC4A01932B7856
:104E700018A800935B4605F023FB18A8FCF738F848
:104E80005B46032B30D0013E002E1ED08C22290021
:104E900038005200FFF716FD041E16D03B789B46E3
:104EA00043461A785B46072BD7D8594601238B40D7
:104EB000494609780B4349460B70002AE0D15B460E
:104EC000002BCCD1013E002EE0D1059A138801338E
:104ED0009BB2C72B00D9F1E013802DB0F0BCBB46CC
:104EE000B246A946A046F0BD002306960797EA5CA5
:104EF000082A04D03ED8042A43D0052A32D118000B
:104F00000C30A0422ED89649964ACE5C3602B34663
:104F10004E1EF65CB4465E4667463E4316808E1CC7
:104F2000F65C914A3602B3464E1CF65CB4465E46C9
:104F300067463E4316800E1DF65C8C4A3602B34629
:104F4000CE1CF65CB4465E4667463E4316808E1D18
:104F5000F65C0531CB5C864A36023343138083B25C
:104F60009C42C4D8534652461B68069E0133079F95
:104F7000136088E70632D2B2012AF3D805339BB218
:104F8000EEE719000A31A142ECD8681DC05C794AED
:104F9000000284466646281DC05C30431080E81D30
:104FA000C05C754A000284466646A81DC05C30435A
:104FB0000826B44610802800AC4466460930C05C20
:104FC000F35C6E4A0002034313808BB2C8E75F4B69
:104FD00008AF18880593002800D137E7322102F086
:104FE000D7FA8BB2002B00D030E71522644E3A80FE
:104FF0009146133ABA70B278511CB1706149FA7097
:10500000069109AA31C931C2086810600979117185
:105010005D4A117893465D4A0093904615333A00F5
:10502000404608F071FB152800D080E015233B8036
:105030009946133BBB70B378FB705A1C069BB27049
:10504000143309AA13CB13C21968404611601B79A7
:1050500013715B46197800233A000093153308F06A
:1050600053FB152856D115233B809946133BBB7043
:10507000B378069C5A1CFB70B270283409AB07CC7D
:1050800007C3226840461A6022791A715B46197874
:1050900000233A000093153308F036FB152800D1A1
:1050A000D4E64B46019000934021394A133B18A89F
:1050B00005F006FA18A8FBF71BFFC7E600231380CC
:1050C00053461B68002B1CD0284918AC0020095EF1
:1050D000304A039124490020095E029121490020B1
:1050E000095E019122490020095E200000915021B3
:1050F00005F0E6F9174D002320002B70FBF7F8FEB2
:10510000EBE6144D18AC502120002B78224A05F014
:10511000D7F9F0E74B460190009340211C4A133B1E
:1051200018A805F0CDF918A8FBF7E2FE9BE74B465F
:10513000019000934021164A133B18A805F0C0F9CE
:1051400018A8FBF7D5FE71E77C1600206A2E002018
:10515000772E0020762E00205C230020F0DC00104B
:10516000612300206C2E00206E2E0020702E002067
:10517000F00F0020622E0020642E0020662E0020FA
:105180008816002058E10010F20F0020B81000200F
:10519000A4DC00104CDD001028DD001010B5064C1A
:1051A0002488048005480088088005490988118002
:1051B000044A12881A8010BD6C2E00206E2E00202A
:1051C000702E0020F00F0020044B1B880380044B3E
:1051D0001B880B80034B1B8813807047622E0020B6
:1051E000642E0020662E0020F0B5C64600B584B0BF
:1051F00000246B460A223B4D9C7228210123280083
:1052000000946A4408F080FA012866D10B27012334
:105210006F443C7000260E24984605E03220013C85
:1052200001F080FB002C55D06B461E7343462821AD
:1052300000932800012303AA08F066FA0128EDD1A3
:1052400001233A0028212800009608F067FA012877
:10525000E4D13B78A02BE1D100243D236A462821EC
:10526000938128003B3B03AA009408F04DFA1920D3
:1052700001F058FB3E236A462821938128003C3BDD
:1052800003AA009408F040FA07236A462821938174
:105290002800053B03AA009408F036FA3F236A462B
:1052A0002821938128003D3B03AA009408F02CFAA2
:1052B0006A460D4B282193812800022303AA0094FB
:1052C00008F022FA142001F02DFB0122074B0120E7
:1052D0001A7003E03B78A02BBED0002004B080BC45
:1052E000B846F0BDB81000203D0C0000792E00201B
:1052F000F0B5454657464E46DE46E0B51D002F4BFD
:1053000080461C780F00160089B0002C08D10024BC
:10531000200009B0F0BCBB46B246A946A046F0BD8D
:1053200020236A461374264B28219A4601235046AF
:10533000009304AA08F0E8F981460128E7D106ABFA
:105340009B4600235A46009328215046083308F014
:10535000E5F90828DBD15B4642461B8828211380EB
:105360005B465B886A463B805B469B885046338041
:105370005B46DB882B802823D3734B460F22009398
:105380006A44012308F0C0F90128C0D10023282174
:1053900000935046063304AA08F0C0F90628B6D197
:1053A0006B46129A1B8A13806B46139A5B8A138092
:1053B0006B46149A9B8A1380AAE7C046792E002078
:1053C000B8100020F0B557464E46DE464546E0B5DB
:1053D0009DB002AB9C463B4B172799463A4B68253C
:1053E0009A46752300269B4667445A46EBB2984678
:1053F00002A902AB9A758C4616223E7001234146E3
:1054000048460096624408F07FF90400012818D04D
:105410003B785246029300902B005021019608A839
:1054200005F04EF808A8FBF763FD6B1C69256A2B95
:10543000DBD100201DB0F0BCBB46B246A946A04659
:10544000F0BD01233A0041464846009608F066F94F
:105450003B7852465021029305902B000190009416
:1054600008A805F02DF808A8FBF742FD059B012BC5
:10547000DBD13B78682B02D0703B012BD5D843465B
:105480006A460024114D41462B70114B4846138447
:10549000022308AA009408F037F9642001F042FAC8
:1054A0006C236A46FF3313846A3B2978FF3B08AAC2
:1054B0004846009408F028F90122064B01201A7092
:1054C000B8E7C046B810002074DD0010742E00202C
:1054D0006B80FFFF7A2E0020F0B5454657464E46BA
:1054E000DE46E0B51D00264B80461C780F001600F6
:1054F00089B0002C08D10024200009B0F0BCBB46C4
:10550000B246A946A046F0BD3B236A46D3731D4B65
:105510000F2219789B461C4B6A449A46002350463A
:105520000093013308F0F0F80128E4D104AB994668
:105530005B46197800234A46009350460E3308F024
:10554000EDF80E28D7D14B4642461B885BBA138034
:105550004B465B88129A5BBA3B804B469B885BBA92
:1055600033804B461B895BBA2B804B465B895BBA09
:1055700013804B469B89139A5BBA1380BCE7C046E5
:105580007A2E0020742E0020B8100020D0231B0695
:105590001B68AC4A9900F0B5DE468B4651585A421A
:1055A00053412F2257464E4645465B4293439A4607
:1055B000A54BE0B59C4683B000260191E24400294A
:1055C00038D0A24B99465246F30808339B009D58A9
:1055D0000123340098460836002D22D00F212000E8
:1055E000294001342D09002919D04B465A469A58B2
:1055F0000300C240203BDB171340424613420CD14C
:1056000007220F000240920097403A00C308904FD3
:105610003C339B00DA51019B9847002D01D0B442E6
:10562000DCD3202ECFD103B0F0BCBB46B246A94696
:10563000A046F0BD854E5F4600210F23B346CC083F
:1056400022005046083292001258002A00D1D0E0C1
:10565000180010408046100913421AD05D46ED59DB
:10566000A94620256D42AC468C446546ED17AC46F4
:105670004D46CD40A94665464E4635400126354249
:1056800004D14646724D3C34A4006651002800D136
:10569000AFE01C000440A446140A03421AD0481C80
:1056A00080465846C059464681464D460800F5405A
:1056B0001F38C01728400125284208D165462D0112
:1056C000AC46F0086646624D3C3080004651002CE6
:1056D00000D18EE0180020408446100B234211D0E8
:1056E0008C1CA0465C46E4594646A1464D460C003B
:1056F000F5401E3CE4172C4001252C4200D182E0ED
:10570000002876D01C000440A446140C034210D09C
:10571000C81C80465846C059464681464D4608003A
:10572000F5401D38C01728400125284275D0002CAF
:105730005FD0180020408046100D23420ED00C1D73
:10574000A4466546414CE459EC40A1460C004D4648
:105750001C3CE40F2C426AD000284AD01C000440B4
:10576000A446140E034218D0481D804645463748CB
:10577000C059E840814608004D461B38C00F2842FA
:1057800009D165462D05AC4640466646C008304DF9
:105790003C3080004651002C2BD01800204084461D
:1057A000120F23422AD029488C1D8146C059E0405F
:1057B0008046080045461A38C00F284206D1E00846
:1057C0006446234D3C30240680004451002A10D00A
:1057D0004846C059CC1DE04084460800654619384B
:1057E000C00F284205D1E0083C30194C1207800058
:1057F00002510831202900D021E714E7002AF8D00F
:1058000012488146E4E765462D02AC46F408664638
:105810000F4D3C34A400665172E765462D03AC463B
:10582000F00866460A4D3C30800046517FE7454609
:105830002D04A84664464646E408054D3C34A400C1
:10584000665189E7A41C002030410140C42B002090
:1058500000400140094A83009A1810B5146840229C
:10586000544080322240064CC000A44663441A6073
:10587000044B9C466044416010BDC04604C00140DA
:1058800004D0014000400140074B8000C3181B6852
:10589000C90092000A435A400C231340034A94461D
:1058A000604403607047C04604C0014004D001401A
:1058B000064B8000C3181B68054A090159409446ED
:1058C000302360440B4003607047C04604C0014071
:1058D00004D00140D0231B061B6830B50500584298
:1058E00043412F205B4283430E48EC088446072047
:1058F00028408000814020000B4D3C3063448000F4
:10590000A40041511B19002A05D08022920194461F
:105910006344196030BDC02292019446634419600B
:10592000F8E7C0463041014000400140F8B5454627
:105930009846D0231B06DE461C689B462B4B5746D9
:105940009A46A3004E469946E0B5534616004A468D
:105950009B5807000D00002B34D04346002B3FD04E
:1059600053464A4641469950D0231B061C68634261
:105970005C412F220720634293431D4A38409446DE
:10598000FA081100800085403C311A4863448900C0
:1059900092000D509B18002E0ED08022920194464A
:1059A000634401210D201D6000F034F9F0BCBB46BA
:1059B000B246A946A046F8BDC0229201944663446F
:1059C0001D60F3E74346002BD1D0534641460D20DE
:1059D00099500022084900F07FF95B461C68C6E731
:1059E0000D20054900F072FABAE7C046A41C002059
:1059F00030410140004001408D55001080000029D9
:105A000005D0064B9C464023604403607047044B1E
:105A10009C46402360440360F8E7C04604E0014030
:105A200004F001400123D022834012069362936167
:105A3000094A83009A1811684022514080320A4076
:105A40000649C0008C4663441A60054B9C460523FA
:105A5000604443607047C04604C0014004D0014028
:105A6000004001408023DB051868000F7047C046E6
:105A70000FB400B5084883B004F044FF049B002B2A
:105A800007D005A91800019104F02EFD034804F089
:105A900039FF012004F040FDA0DD0010B0DD001052
:105AA000EFF3108072B6034A1368002BFCD0BFF3EB
:105AB0005F8F70472C0100D0BFF35F8F0022024B35
:105AC0001A6080F3108870472C0100D070B5EFF396
:105AD000108C72B60D4D2B68002BFCD0BFF35F8F7E
:105AE0000724CB08C618C05C01230C40A3401C004F
:105AF0000440034207D118433070BFF35F8F2C601E
:105B00008CF3108870BD1000FFF7B2FF2C0100D09D
:105B1000F8B54746CE46884680B5EFF3108C72B68E
:105B20001C4D2C68002CFCD0BFF35F8F9A4222D80A
:105B300007210126894602E00132934218D34D46DF
:105B400037001540AF40D4080119045D2742F3D156
:105B500010003C430C70BFF35F8F00220D4B1A60A6
:105B60008CF3108800280EDBC0BCB946B046F8BDE7
:105B700001204042EFE7BFF35F8F00232B608CF3DF
:105B80001088012040424346002BEDD00898FFF7D3
:105B90006FFFC0462C0100D0044A1078431CDBB2D2
:105BA000172B00D9102313707047C046F30F002045
:105BB00010B5064B064C82B00100009318221F233B
:105BC0002000FFF7A5FF02B010BDC046B4DD0010F5
:105BD000B41C00200021044B044ABFF35F8F02C3B2
:105BE0009342FAD17047C046000100D0800100D036
:105BF000054B064A1360064A136053609360D360F6
:105C000013615361936170478080808000E400E0FD
:105C100004E400E01F2318401E3B8340002905D008
:105C2000C021044A49005350136070478022014943
:105C30008B50FAE700E100E001228240034B1B6831
:105C400013405A1E9341D8B27047C04600E100E0AD
:105C500001238340014A13607047C04600E200E020
:105C6000064B10309B688000C358054A00209B1AE1
:105C70002F229A424041C0B27047C04600ED00E07A
:105C8000F40F002070B50D00EFF3108672B60F4AC6
:105C90001368002BFCD0BFF35F8F0D4B10309B6857
:105CA00084001B590B4A934203D09D4201D001F05E
:105CB0001DFB074B9B681D51BFF35F8FBFF35F8FC9
:105CC0000022024B1A6086F3108870BD240100D0B8
:105CD00000ED00E0C1010010F0B557464E46DE462B
:105CE0004546E0B585B0060000911700EFF3108B34
:105CF00072B66A4A1368002BFCD0BFF35F8F002591
:105D0000674B5D579A46002D00DAA9E06B00654CA1
:105D100001935B199B009846A146C1444B465246ED
:105D20009B7910361370604BB6009B6899590B1B1A
:105D30002F2B33D95D4B994200D0ACE0019B4246FA
:105D40009C465B4B6544AD0063535A4B0232A2182C
:105D5000043B9B1A1B05584A5B0D651913436B8066
:105D6000564B0121AB80FF23AB71009BEF71AB6001
:105D70004B460B4319004C4B9B689951BFF35F8F07
:105D8000BFF35F8F0022454B1A608BF3108805B07C
:105D9000F0BCBB46B246A946A046F0BD01200A00B1
:105DA0008243D3798C46BB4231D8454613004449DF
:105DB0001B1B5B415943090D3D4B63533D4B023562
:105DC0006519043B5B1B1B053B4D5B0D2B43AA4632
:105DD0004D466B800425AC465546E044131F4444B1
:105DE0001B1B1B055B0D1D434B46997100999D8044
:105DF00099604946DF71334B01431360BBE758009C
:105E0000C01880002018C179B9422FD9020006239A
:105E1000D356002BF3DA02932B4B61460393131DE9
:105E20009A4604235B429C46E14450464B461B1A6B
:105E30001B055B0D9C46204B95719846634640467A
:105E400003439380019B5A199200039BA418A380DB
:105E5000029B1C4AA371009B2260E771A3608AE742
:105E600001F044FA002553465D574FE790880293AE
:105E70004005131D9A46031561469C464046D4448E
:105E8000634604302018181AE0230005400D1B0259
:105E900018430390C5E701F029FA4FE7240100D029
:105EA000822E0020F40F002000ED00E0C101001060
:105EB00000A1FFFF2410002000E0FFFF01BDFFFF55
:105EC000AAAA00000148804701BD0000F0B5DE46E7
:105ED00057464E464546E0B50C0083B0EFF31088B8
:105EE00072B6634A1368002BFCD0BFF35F8F614B1F
:105EF00061499A68030010339F00D55901938D4280
:105F000043D0A54254D05D4EAA1B2F2A3DD85C4BEE
:105F10009B461B68994601231A009C4682404B46CB
:105F200013401F2299466346024093409A468022BE
:105F30005B4650469850BFF35F8FEFF305839B4657
:105F4000002B37D0019B5B4501D001F0CFF9012335
:105F50002A009A439068844208D176E04B005B188F
:105F60009B00F3189868844236D01A0006215156D7
:105F70000029F3DA844254D04B46002B27D0C022AC
:105F800051463F4B5200995019603A4B9B68DD5186
:105F9000BFF35F8FBFF35F8F0022354B1A6088F32A
:105FA000108803B0F0BCBB46B246A946A046F0BD7F
:105FB0000D00EAE72A0063469A4390688442D5D1EF
:105FC00006201056130000280ADA0D0031E0802365
:105FD00051462B4AD150D8E706201856002821DB1D
:105FE00042001118890074188B46A1689960E17904
:105FF000D971062161569971002924DBA488F11A10
:10600000640524155C44091909051E4C490D2143FA
:10601000998013181C4A9B001178F318997110701D
:10602000AAE713005946002914D1FF31917117498D
:10603000918015490A789A71154A9B1B5B415A4316
:10604000120D0A7098E71149E2E706201056130076
:106050000028C5DA0F4A1049D21A083A5002400DFA
:10606000014399800D4952080A43DA8084E7C0460B
:10607000240100D000ED00E0C1010010F40F002069
:1060800000E100E000E0FFFF822E002001BDFFFFE5
:10609000AAAA00002E10002000F0FFFF00F8FFFF6A
:1060A00070B501240443EFF30581EFF3108C72B651
:1060B000214A1368002BFCD0BFF35F8F1F4B0500F4
:1060C0001F4AED1A6D416A43120D1E4D8900AE68DC
:1060D00052B27658A6421CD00621595691421CD085
:1060E00012215956914222D01E215956914220D058
:1060F0002A2159560324914210D0134B19781A7053
:106100008171BFF35F8F00220B4B1A608CF31088F4
:1061100070BDAB680D4C5C50EFE7002461000919BD
:1061200089005B18FF21997109499980E5E70124ED
:10613000F4E70224F2E7C046240100D0F40F002067
:10614000AAAA000000ED00E0822E0020C10100108C
:1061500001BDFFFF10B5084B084C82B00100009351
:10616000002205232000FFF7D3FC002801DB1F23BA
:10617000181A02B010BDC046D0DD0010932E0020CA
:10618000024B9C4661448900016070474000003426
:1061900070B5114C114DAC420FD2FF262368002B75
:1061A0000CD0FFF7F9FC01002000FFF7E9FFA68003
:1061B000BFF35F8F0834AC42F0D370BDFFF7ECFC47
:1061C00001002000FFF7DCFF2671BFF35F8F08346A
:1061D000AC42E3D3F1E7C046C0100020D01000204D
:1061E00010B50400FFF7D8FC01002000FFF7C8FF3E
:1061F000FF232371BFF35F8F10BDC04610B50400AD
:106200000120FFF7D5FC034BC3189B002360BFF3AD
:106210005F8F10BD40000034034B9C4661448900F1
:106220000160BFF35F8F7047400000340A4B19686C
:10623000EFF3108072B60A68002AFCD0BFF35F8FBC
:106240001B68BFF35F8F00221A6080F3108840BF85
:10625000002000217047C046982C0020F0B5DE4693
:1062600057464E464546E0B587B0EFF30583032217
:1062700001251A40954091008846A946B34B0392E8
:106280005C58B34B1D60B34B04934B46B248436319
:106290000823E55E002D37DAA3881BB2002B00DB54
:1062A000ADE0A379002B00D0EEE00823E05E0028EB
:1062B00020DB430062691B18DB00D3189E68DD6891
:1062C000731C00D111E1A44801004144826A0B69AA
:1062D000B71A9B1A9F4215D30123026A0398834081
:1062E0001A420FD09C4800F0D5FC8D4202DCCCD184
:1062F0008642CAD940BF07B0F0BCBB46B246A946E9
:10630000A046F0BD0E61EDE762696B0092465B1935
:10631000DB009A4453469E68DF6800F0BBFC8F4266
:10632000BADC00D103E1002F00DAE8E05246534620
:1063300052691B699346049A934200D1D9E05246B0
:106340000821605E52880004594610439847009027
:1063500001910099019A0B001000134300D1CEE087
:1063600013000A00B61A9F41002806DB7A4800F0A5
:1063700091FC009E019F36184F4153469E60DF609E
:1063800000229A5E002A00DA86E7530099186069B5
:10639000C900411802938B68C9689B46B94200DD69
:1063A0007AE702D1B34200D976E708239C46A44499
:1063B000059565462281A446029B2C0006E0530009
:1063C0009918C90041188D68C968AB469B18DB0055
:1063D000C318B94206DC00D1B3E01C000023E25E22
:1063E000002AECDA230064469C4653461A80634632
:1063F000059D1D80A3881BB2002B00DA51E722699E
:10640000EFF3108172B61368002BFCD0BFF35F8FDF
:106410000123A7885B42A3803FB22369BFF35F8F4C
:1064200000221A6081F31088002F00DA39E7230078
:10643000083322009A4666697B00DB19DB00F318FB
:10644000996850468C460824115FDD68002910DBEE
:10645000029306E0AB4244D00023E15E2000002915
:1064600006DB4C006418E4003419E368AB42F1DD4C
:10647000029B078000201F5E1980002FDCDA1400C9
:10648000A379002B00D110E70023A3712600082375
:10649000E15E08364B1C00D12CE70800A246656976
:1064A00002E03E004B1C1AD04B005B18DB00EF18DB
:1064B0000A008C46E95E7B881BB2002BF1DA0123CF
:1064C0005B42DC17BB60FC60824205D053463180E2
:1064D0001B893B8053461A8160464B1CE4D15446CD
:1064E000E5E6A3686345B7D9C2E76B1C00D0EAE6CE
:1064F000F8E65B4658461B69984700281BD153466F
:106500001B8822692381EFF3108372B6116800297A
:10651000FCD0BFF35F8F514662880A802269658094
:10652000BFF35F8F0021116083F31088B4E68642C9
:1065300000D8F8E6B0E65B461A685B680092019303
:1065400007E7B34500D848E74CE7C0463C250020A4
:106550003C7005405D6200100040054070B52E4C57
:106560002569002D04D00A212C48FFF709FE70BDD3
:106570002B4E0321300000F083FBE660FFF70CFB9D
:10658000284B03229C46D02322701B061B68012146
:106590006370254B6044A3600F23800020610220BC
:1065A000638063694942A1801980023119864731AD
:1065B0001D83585218315A5275325C39995218322B
:1065C00001319952183201319952183201319952E0
:1065D000083518329D520231183299521832013161
:1065E00099521832013199521832013199521832A8
:1065F000013199521832013199520C4B0C49DC602F
:1066000001303562FFF73EFB01210320FFF702FB5B
:10661000084B1D60A7E7C0463C100020982C0020C6
:106620000040054040000034FFFF10003C250020E2
:106630005D62001038600540004870473C10002043
:10664000F8B51F0008AB1B7804001600002B08D11A
:1066500000F028FB32003B00121A8B41002B00DABD
:1066600052E02269EFF3108072B61368002BFCD061
:10667000BFF35F8F0223E15E63694A005218D200C4
:106680009B182269002936DB1D886580BFF35F8F68
:106690000025156080F31088069A9E60DF601A61FD
:1066A000079A5A615A8801325204520C101C002A6F
:1066B0001FD082B25880080410432669EFF3108778
:1066C00072B63268002AFCD0BFF35F8FA2881A80AE
:1066D000A1802369BFF35F8F00221A6087F31088BF
:1066E0000A4923788C4601329A40E36863441A6071
:1066F000F8BD0120DDE7BFF35F8F0023136080F357
:10670000108801204042F3E70020F1E73C20000020
:1067100070B501000469EFF3108C72B62068002890
:10672000FCD0BFF35F8F02200D5E4C6968004019FA
:10673000C00024180869002D36DB26884E80BFF380
:106740005F8F002606608CF31088E36063880498EE
:10675000013320615B0405985B0CA26060611A1C28
:10676000002B1FD093B22804628018430A69EFF30C
:10677000108C72B61368002BFCD0BFF35F8F8B8830
:1067800023808D800B69BFF35F8F00221A608CF32A
:1067900010880B7801329A40CB6808498C466344D4
:1067A0001A6070BD0122DDE7BFF35F8F0023036035
:1067B0008CF3108801204042F3E7C0463C200000E3
:1067C00010B543890A1493421ADD53009B1842699D
:1067D000DB00D3180469EFF3108C72B62268002A2C
:1067E000FCD0BFF35F8F5A88090494B2090C8A4227
:1067F00008D00369BFF35F8F00221A608CF3108802
:10680000002010BD8022120214435C800123026923
:106810008371BFF35F8F002111608CF310880449EE
:1068200002788C469340C268012062441360E8E716
:106830003C20000040787047F0B5C64600B582B0F5
:1068400004000D0000F02EFA24184D41002D02DA4C
:1068500001242F4D644206267642F71736196F4100
:10686000AF4214D811D000F01DFA32003B00121ACA
:106870008B41002B15DC002B46D02000290000F0B6
:106880008DFA02B080BCB846F0BDA642EBD9002616
:10689000002700F007FA32003B00121A8B41002B50
:1068A000E9DD00F0FFF932003B00121A8B41002BAA
:1068B0000ADB00230193174B3200009316483B007C
:1068C000FFF726FF0130D8D000233900B0469C46A0
:1068D000124A1348536A994204D8966A4645CCD264
:1068E0009942CAD10668EFF3108772B63368002B5D
:1068F000FCD0BFF35F8F0368BFF35F8F66461E60F7
:1069000087F3108820BFE5E7002AB6D0C9E7C04664
:10691000FFFFFF7F2D6200103C100020004005406B
:10692000982C0020F0B5C64600B582B0040000F0F7
:10693000B9F9FA2206000F0020000023002192007E
:1069400001F05AFE8019794104000D1E02DA01247B
:106950002E4D644206267642F71736196F41AF4234
:1069600014D811D000F09EF932003B00121A8B416E
:10697000002B15DC002B46D02000290000F00EFA79
:1069800002B080BCB846F0BDA642EBD90026002775
:1069900000F088F932003B00121A8B41002BE9DD30
:1069A00000F080F932003B00121A8B41002B0ADB09
:1069B00000230193164B3200009316483B00FFF76B
:1069C000A7FE0130D8D000233900B0469C46124AB9
:1069D0001248536A994204D8966A4645CCD29942E5
:1069E000CAD10668EFF3108772B63368002BFCD06B
:1069F000BFF35F8F0368BFF35F8F66461E6087F348
:106A0000108820BFE5E7002AB6D0C9E7FFFFFF7F67
:106A10002D6200103C10002000400540982C002002
:106A2000F0B557464E46DE464546E0B506000F0037
:106A300085B0EFF3058399468B46002B12D0384979
:106A400000204B6ABB4206D38A6ADB1B591E8B416E
:106A5000B2424041184305B0F0BCBB46B246A9461D
:106A6000A046F0BD2F4B9A46DB68984653461B78EC
:106A70004046039300F00EF94246039B04000433A2
:106A80009B009B580D001B1A39003000001BA941C8
:106A9000894510DC0DD020BF214A0020536A5B4598
:106AA000D9D3926ADB1B591E8B41B2424041184335
:106AB000D1E78342EFD900F0F5F832003B00121A1B
:106AC0008B41002B1ADB00230193174B32000093FC
:106AD00050463B00FFF71CFE011E0FDD104B5A6AAB
:106AE0005A451BD39B6AB34216D35046FFF768FE44
:106AF0000B4A0020536A5B45ADD3D2E7084A002019
:106B0000536A5B45A7D30020926ADB1BB242404127
:106B10005A1E934118439EE75A45E6D120BFE4E749
:106B2000004005403C1000202D620010F0B5CE461C
:106B30004746110080B583B004009C460C9D194364
:106B400000D16CE06146DB170193009353401E00B7
:106B5000019B4B401F0000980199361A8F416346F4
:106B60000A996B600B9BAC6029612A606B6100F035
:106B700099F880197941002902DA0120314940420F
:106B80002269EFF3108972B61368002BFCD0BFF3B3
:106B90005F8F0223E65E636972009219D2009B1830
:106BA00022699046002E42DB1A886280BFF35F8F15
:106BB000002247463A6089F31088234A9860D960DA
:106BC0001A615A885D6101325204520C111C002A6C
:106BD0002BD088B23204024359802069EFF310872A
:106BE00072B601680029FCD0BFF35F8FA1881980BD
:106BF000A6802369BFF35F8F0021196087F3108897
:106C0000124823788446013199400120E3686344A7
:106C10001960EA6003B0C0BCB946B046F0BD0023BD
:106C20000126002701229C4699E70121D1E7BFF305
:106C30005F8F0023136089F31088012200205242E5
:106C4000E7E7C046FFFFFF7F5D6200103C200000C9
:106C5000074943684A6A10B504680020934206D881
:106C6000896A9B1A5A1E9341A1424041184310BDA4
:106C7000004005400260436000487047516C0010BE
:106C800010B5024A0248FEF721FF10BDECDD0010EE
:106C9000B81C00200300416A0A00986A596A8A42B7
:106CA000FAD17047034B596A0A00986A596A9142AF
:106CB000FAD170470040054070B5002806DB1C4A39
:106CC000916A936A5B1A9842FBD870BD0400002554
:106CD000174A536A1900966A536A8B42FAD13000F8
:106CE000190024184D41AB4218D9114B5B6A1C00A6
:106CF0005A1C0AD0012301246442E5175B420C4967
:106D00004A6A9A42FCD39A42DFD1094A02E0516AA8
:106D10009942DAD1916AA142F9D3D6E7AB4201D1C7
:106D2000A642E2D8024A2B00526A9542E7D8EAE727
:106D30000040054070B504000D00174A536A190061
:106D4000966A536A8B42FAD13000190024184D41DB
:106D5000AB4216D813D0104B2A005B6A9D4203D970
:106D60000D494B6A9342FCD3934207D10A4A02E091
:106D7000516A994202D1916AA142F9D370BDA642EB
:106D8000E9D9054B5B6A1C005A1CEFD00122012493
:106D90006442E5175242E3E700400540064A536A61
:106DA0009942FCD807D1044B02E05A6A914202D1C1
:106DB0009A6A9042F9D8704700400540F8B504003F
:106DC00006200D0000F08AF9002844D0374B3849DE
:106DD000E3185A1E93418022120494465B429B0D95
:106DE000344A9B0563441360334A136018000A68F1
:106DF0009043FBD12D4B314AE31859424B4180213E
:106E00005B0049000620995200F068F92900C00093
:106E100000F0BEFB0130C3091ED14027012262628F
:106E2000A362266BF30722D4E36A254B0620E518FC
:106E300000232B60266300F051F93900800000F038
:106E4000A7FB7023E26A5A400E3313402B601D4BA0
:106E500023630323A364F8BD1B4A93421ED9002376
:106E60001A4A1B4F6262A362266BF307DCD5194BEB
:106E7000144AE3181A60656AA36A0620AD01ED188A
:106E800000F02CF9144900F083FBAD02010028004A
:106E900000F07EFB0021FFF74DFFC5E74006800EA6
:106EA0009F011A003F180300B9E7C0460080FCBFED
:106EB00008C0004000E0004000F000400C2E002020
:106EC0002C10000001030000FEFF0000FFFF000087
:106ED000C0FF3F00303000004E0E0000064BC318CC
:106EE0005A1E93418022120494465B429B0D034A32
:106EF0009B056344136070470080FCBF00E00040C6
:106F0000F8B5DE464E4657464546E0B58B46050089
:106F10000A991800160000F03BFB0A9B6C001F0248
:106F2000324B64199C46A4006444636881469F42C6
:106F300000D967602B1FDBB29846012B30D9C023E4
:106F400080229B01E31812011A60294BAD005959A8
:106F50009A4600291BD17301E026226853401E4047
:106F6000802342465B01E3181E60012A30D980234A
:106F700080229B01E31812011A6053464A4667605B
:106F80005A51F0BCBB46B246A946A046F8BD586966
:106F900000F0FEFA013043001B18033BFDD2DAE794
:106FA0005B46012BCBD1C02303229B01E3181A605F
:106FB000023AA3681A42FCD07301E0262268AD00B1
:106FC00053401E4080230A4A5B019246E3181E602C
:106FD0005A462168514003220A401A6001225B464A
:106FE0009A40A3681A42FCD0C1E7C0460080004026
:106FF000C01C0020F0B546464F46D646C0B51F001F
:10700000344B44009C462418A400644463688846BA
:107010001600FF2B02D880235B006360031FDBB2E6
:107020009A46012B30D9C02380229B01E31812011C
:107030001A60294B85005959994600291BD17301C3
:10704000E026226853401E40802352465B01E3182D
:107050001E60012A30D9802380229B01E31812018F
:107060001A6080235B0063604B465F51E0BCBA4608
:10707000B146A846F0BD586900F08AFA01304300D5
:107080001B18033BFDD2DAE74346012BCBD1C023CB
:1070900003229B01E3181A60023AA3681A42FCD04B
:1070A0007301E0262268850053401E4080230A4A6F
:1070B0005B019146E3181E6042462168514003225D
:1070C0000A401A60012342469340A2681342FCD052
:1070D000C1E7C04600800040C01C0020014B80007A
:1070E000C0587047C01C0020F8B5040021481E009D
:1070F00017000D0000F04CFA0100380000F048FACB
:10710000069B36041B031E432368002B20DB1A4B0F
:107110001A49E3185A1E93418022920194465B4219
:107120001B0B174A1B0363441360164A13601F00AE
:107130000A689743FBD1144B2560E2182123A06015
:1071400013602368002BFCDA0823E6601360F8BDA7
:107150003F2322681340AB42D9D1A3681B051B0D06
:107160008342D4D1EE22E368D2021340B342CED19F
:10717000EDE7C046001BB7000040FDBF08C000405F
:1071800000E0004000F000400430000010B5802412
:107190001C4BE4051C6000281AD001231A4C18432C
:1071A0001A4BDC611A4C44401C625962986280217F
:1071B000144BC9051960174817490860E021C90434
:1071C0001960002A07D18022144B12061A6010BDE4
:1071D0000E4BD861EBE753019B1A9B009A18802352
:1071E00012015B049A4209D213000D490B60074B50
:1071F0005A608022094BD2051A60E8E7094B1A0051
:10720000F3E7C04600B00540D3C007B0008005409A
:107210002D3FF84FFCFF01000820014000A0054071
:1072200034230020FFFFFF008023024A9B000B4312
:10723000D362704700800540002310B50100988A92
:107240001B8B984710BDC046162310B50100188847
:1072500002331B88984710BDF8B54746CE4680B527
:107260000F1E18D01423994604330400002501266C
:1072700098464B461888434621681B88984701C4A6
:10728000431E984101350640AF42F2D13000C0BCE8
:10729000B946B046F8BD0126F8E7C046002370B5F0
:1072A00004000D00988A05491B8B984703000020B5
:1072B000002C01DB0130A040290098475542000016
:1072C000AA23064A1B0113608D235B00D360044987
:1072D000044B19605368002BFCDA704700400240F1
:1072E00000B0FA00006002407047C04610B5014887
:1072F000FEF7BEFB10DE001070B5074D074EB5421D
:1073000009D20024013E761BB60808CD9847230019
:107310000134B342F9D170BD98D90010D4D900100E
:10732000054B064A06491A60064A074B1A601000C8
:107330000B689843FBD1704700E00040BFCDFBFED7
:1073400008C00040FE7F3C0000F00040044BDB6CB6
:10735000002B03D18022034BD2021A607047C04633
:10736000000011504C201150044A054B1A60054A88
:107370001368DB018033FBD17047C046FFFFFF017C
:1073800000F0004008C000404022034B9A675A6753
:107390001A67DA667047C04600F0014010B5FEF784
:1073A00019FC10BDF8B52749274C284D641AA610C2
:1073B0003200302E00D930222800920001F02EFC3D
:1073C000BC2C3BD830202F232C196407204A801B6B
:1073D000E40F9B1B052B16D93700002C02D0B300FD
:1073E000771CEA50001B33199B004108EB18C900B9
:1073F000C9181A605A6008339942FAD1012303422E
:107400001CD09843C619B300EA50731C2F2E15D018
:107410009B00EA50B31C2E2E10D09B00EA50F31CA8
:107420002D2E0BD09B00EA50331D2C2E06D09B0036
:10743000EA50731D2B2E01D09B00EA50054B9D6036
:10744000F8BDC04600010010C0010010000000207F
:10745000C101001000ED00E0002310B5294C82B0FE
:10746000A367FFF72DFF0122274B1A60636C012BE6
:10747000FCD10322254B1A60224A936B012BFCD1CD
:10748000013300930121224A22480433FFF72CFEE6
:10749000052301210093204A2048FFF725FE002202
:1074A000022104201E4BFFF7A5FD0022012105202B
:1074B0001C4BFFF79FFD0022002107201A4BFFF70E
:1074C00099FD002200210820174BFFF793FD802330
:1074D000DB000093002200210920134BFFF710FD71
:1074E0000022104B00210620FFF784FD0420FFF747
:1074F000F5FD0E4900F04CF801000020FFF794FE66
:1075000002B010BD008000403CB0004030B00040F0
:10751000002F685900800240008C864700C002405E
:10752000001BB70040597307006CDC0240420F009B
:1075300001480421014B18476010002059720010C7
:10754000124A936F9B0815D29066D166002905D028
:10755000FFE7FFE7FFE7516F106F704704B5802129
:107560000906C2175140002800D0C84306F0DCF9D4
:10757000002104BDF0B5146E556E576F166FFFF7FE
:10758000E3FF1466556657671667F0BD000000D02C
:10759000114A936F9B0813D210665166002905D0DB
:1075A000FFE7FFE7FFE7516F106F704704B5002852
:1075B00001D00020C04306F0B7F9002104BDC04649
:1075C000F0B5146E556E576F166FFFF7E5FF146632
:1075D000556657671667F0BD000000D094464A4ACA
:1075E000926F9208624601D228E0C046F0B5464E3E
:1075F000346E756E776F366F00F020F89446424A0D
:1076000014665566576716676246F0BD94463E4A53
:10761000926F9208624601D254E0C046F0B53A4EED
:10762000346E756E776F366F00F04CF89446364ABC
:1076300014665566576716676246F0BD002B24DB5B
:1076400011D000293EDA00B5C943404200D10131D2
:1076500000F038F8C943404200D10131DB435242C7
:1076600000D1013300BD002AEBD1002801D100294F
:1076700005D00020C90FC90701D1C043410800B59A
:1076800006F03AF90022002300BD00B500290ADB0C
:10769000DB43524200D1013300F014F8C9434042A9
:1076A00000D1013100BDC943404200D10131DB436B
:1076B000524200D1013300F005F8DB43524200D1C1
:1076C000013300BD002923D1002B18D1002A0CD092
:1076D000BC460D4F38667A6600210023FFE7FFE7BE
:1076E000FFE77A6F386F67467047002801D0074878
:1076F000010000B506F000F90022002300BD0200E1
:107700000B00002000217047000000D0FFFFFFFFAA
:10771000002B00D0BFE0130C28D1002AE7D080B4A2
:10772000114F39667A66FFE7FFE730B4040C7B6FD0
:10773000396F1B0423433B667A66FFE7FFE7FFE7E9
:10774000C04684B27B6F3D6F1B0423433B667A6661
:10775000FFE7FFE7C04600232C042D0C7A6F386F3B
:1077600000196941B0BC7047000000D0F0B59446E4
:107770000025140E01D112020835140F01D1120197
:107780000435940F01D192000235D40F01D152007B
:107790000135D40B0134254F7C66254C3C660E0C1C
:1077A00093B2FFE7FFE7FFE73C6F6643360C7703D2
:1077B000BE467343DF0B5B04C01AB941130C73431D
:1077C000DB18C91ACE086643360CB64493B273432D
:1077D0001F0F1B01C01AB941130C73431F0B1B056C
:1077E000C01AB941860D8F023E436643360C092DFF
:1077F00024DB520A7243801A7703460A6643360C2A
:1078000016235B1BDE40DF40BF1964466643821BC4
:107810007046043506330100D940A840C01900D392
:107820000131A24206D20023F0BD0000000000D0CA
:10783000FFFFFFFF121B0130F3D3F1E709277F1B86
:10784000FE406446A2B27243801A00D20139220C73
:107850007243130C1204821A99410B0070460435CE
:1078600013370100F940A840801900D30131002BE3
:1078700002D1A2420AD2F0BD013000D30131121B65
:10788000FAD2013BF8D1A24200D2F0BD013000D3C0
:107890000131121BF7E7F0B51C0C00D080E00CB4EE
:1078A00000251C0A04D11B02160E334312020835B0
:1078B0001C0B04D11B01160F3343120104359C0B22
:1078C00004D19B00960F334392000235DC0B02D1AA
:1078D00092185B4101351C00971864410134464FF2
:1078E0007C66464C3C660E0CFFE7FFE7FFE7C046B0
:1078F0003C6F6643360C7703BE4697B27743C01B96
:1079000000D20139C01B00D201399FB27743C91B95
:10791000C91B170C77437E04FF0B801BB941CE08AF
:107920006643360C0C2D33DBB644120B1F053A436D
:107930001B0B97B27743C01B00D201399FB277432C
:10794000C91B170C77433E043F0C801BB941860DC1
:107950008F023E43664329277F1BFE400C3D77463E
:10796000AF40BF1930BCA2B2ABB272437343801AAE
:107970009941220C7243130C1204801A994102009F
:107980000B000137001BA941F9D2781E0021F0BD80
:107990000C277F1BFE4077467F0BAF40FF19E0E7C7
:1079A00000245D1C07D0144F7D663966FFE7FFE7B2
:1079B000FFE7FFE73C6F95B29EB265436643401B0D
:1079C000B141150C1E0C6543664336042F0C3E4333
:1079D0002D04401BB141994204D202000B0020004B
:1079E0000021F0BD01D19042F7D3801A99410134B2
:1079F0009942F2D3F6E70000000000D0FFFFFFFF3E
:107A000048404140484018B41B4B5B68FC4601931A
:107A100008BD04DFF37C001018B4174B1B68FC464C
:107A2000019308BD00DFFD7C00109446134A926F5D
:107A3000920809D2624618B40F4BDB68FC460193EA
:107A400008BD0CDFB57F00100C4AF0B5146E556E02
:107A5000576F166F6246FFF7EEFF084A14665566C9
:107A600057671667F0BD18B4034B9B68FC4601933B
:107A700008BD08DF597E001058120020000000D019
:107A8000FFB550404240504059404B40594000E003
:107A9000FFB5154F4C00640D03D0BC4204D10C035C
:107AA00014D80020090D09055C00640D03D0BC4208
:107AB00004D11C030AD800221B0D1B0501264B40D4
:107AC00009D44B4003D58B4200D18242FFBD99427D
:107AD000FCD19042FFBD0B43DB1803431343F5D0A9
:107AE000C9434918FFBD0000FF07000000B5FFF7BC
:107AF000CFFF804100BDC04600B5FFF7C9FF01D9E7
:107B0000002000BD012000BD00B5FFF7B9FF01D97D
:107B1000002000BD012000BD00B5FFF7B1FF80418E
:107B200000BD012040054A00121804D85A0012185E
:107B300001D8002070470120704700000021002874
:107B400005D17047C1174840401AFAD0C90713B58C
:107B5000064B1B6898470CBC441CA2401005120B36
:107B60000349091B09051943114310BD942C00203A
:107B70001F04000010B54C00620D8023D218DB00FA
:107B8000D21A5B057E2A10DD9E3A13DACC17090360
:107B9000490819435242D140640001341532202A69
:107BA00005DAD0400843604310BD002010BD0846F0
:107BB000604310BDC80FC018013810BD18B4044B85
:107BC0005B6AFC46019308BD24DF6581001000005C
:107BD0005812002018B4044BDB6FFC46019308BD1B
:107BE0007CDFE581001000005812002018B4044B1F
:107BF000DB6CFC46019308BD4CDF91830010000054
:107C00005812002018B4044B1B6DFC46019308BDAC
:107C100050DF2D840010000058120020132370B58F
:107C20001D78012D19D014DD1F48FFF70DFB06004C
:107C30001E48FFF709FB1E4C80223100200000F097
:107C4000EDFF022D2DD01B48FFF7F6FA1A4B1860F6
:107C500070BD1A4B164CA364F5E7184B144C236007
:107C60006360A360E36023616361A361E3612362F6
:107C70006362A362E36223636363A363E3632364D6
:107C80006364A364E36423656365A365E3652366B6
:107C90006366A366E36623676367A367E367A3641A
:107CA000D1E7064BA364CEE75344000053460000DF
:107CB000581200204C330000942C0020C17C00108E
:107CC00007B5604601880A0A0230DF2AFAD1C9B234
:107CD000820804D3028840880004104300E0006852
:107CE000014A5050039007BD581200200FB403BC46
:107CF0000CBCF0B50124E407634000E0F0B50C0DC6
:107D0000CF0F661E3605891B640503D3C943404265
:107D100000D30131640D03D0661CF60A07D0E41BC2
:107D200000207F00791C89078912803C24031D0DE7
:107D3000DF0F6E1E36059B1B6D0503D3DB435242DE
:107D400000D301336D0D03D06E1CF60A07D0ED1B76
:107D500000227F007B1C9B079B12803D2D032F1B65
:107D6000661B58D4A446202E46DA20371400BC40A7
:107D70001D00BD40F24033412A4380185941CB0FCA
:107D800005D0C943C043002264425041514162467C
:107D90004D0D28D10D0D07D100281FD024194041C9
:107DA0004941013A0D0DF9D0640006D3013000D3EA
:107DB0000131002C01D140084000013A0BD4941C41
:107DC000E40A04D112051144DB071944F0BDD907B8
:107DD000204B194300E0D9070020F0BD0029DDD178
:107DE000002CDBD1F0BD0132C6074008CD07284387
:107DF0004908002EE1D0D9E73C2E29DA203E403751
:107E00001400BC4000D00124F24014431A00BB40CF
:107E10001C43D317ACE7AC46202F08DA2036040009
:107E2000B4400D00B540F84039412843A5E73C2F48
:107E30000CDA203F40360400B44000D00124F84062
:107E400004430800B1400C43C117EAE710001900D1
:107E5000002494E70000F07FF0B50C0D661E360597
:107E6000891BE60A6405640D02D0651CED0A04D086
:107E7000002001210905803C2403A4461C0D671E37
:107E80003F05DB1BE70A6405640D02D0651CED0AA3
:107E900004D0002201231B05803C24037740644466
:107EA00097B484B296B27443070C7E43150C6F43AB
:107EB00080B26843361802D3012000043F18300412
:107EC000350C00197D41844688B29AB250430C0C9F
:107ED00062431F0C7C438EB27E43921902D301266B
:107EE0003604A4191604170C3618674101BC81B278
:107EF0009AB25143040C62431B0C5C4380B258435A
:107F0000121802D30120000424181004130C401886
:107F100063412D185E410020474106BC88B293B2F0
:107F200058430C0C6343120C544389B251435B1801
:107F300002D301210904641819041A0C09186241BA
:107F40006D1856410020474118BCF902720D1143CB
:107F5000F0026A0D1043ED020A0D03D16D19404184
:107F60004941013B124E9B1B7600B3420ED26D007D
:107F700007D30130002671416646354301D14008E0
:107F800040001B05C918E4072144F0BD0BDA01339A
:107F900006D1013004D101314F0D01D04908F2E77B
:107FA000E1070020F0BD013631050020EBE70000BD
:107FB000FF030000F0B51C0D671E3F05DB1BE70A41
:107FC0006405640D02D0661CF60A04D00022012369
:107FD0001B05803C2403D0252D060026F6432E6683
:107FE0001E096E66CE0FF619B44649004F0D02D039
:107FF0007E1CF60A03D000200021403F3F033E1BB9
:10800000B600B444013F7F05C91B49082E6F0136F5
:1080100076089C02950D25437543ED137543AD130A
:1080200001356D10F603761B0CB4CC02450D2C43C4
:10803000A2B2B3B25A43270C7B43350C6F43A4B2B0
:108040006C431B1902D3012424043F191C041D0C8A
:10805000A4187D4124196D41009A91B2ACB26143DC
:10806000170C7C432B0C5F4392B25A43A41802D3E3
:1080700001221204BF182204230C52187B41019CD8
:108080006C431B19520ED9010A434401A01A81B254
:10809000B2B2514303145A43360C734387B2774349
:1080A000D617D21900277E4136049B191704160CE7
:1080B0007F185E417316ED18F30100268033754179
:1080C000A90F06D16400690AE8055B0A184309D2C2
:1080D0002FE00422944480337541A90AA8059B0A25
:1080E000184326D3404149412404009A019B0D00C6
:1080F0005543641B4343E41A95B286B27543170C8B
:108100007E43030C5F4392B25A43B61802D3012256
:108110001204BF183204330C52197B4152429C4165
:10812000002C02D40022013051414008CA071043FC
:10813000490802B06246D7079210084BD218084B84
:108140009A4203D212058918C919F0BD0020002AED
:1081500001DC3900F0BD01331905F5E7FD0300002E
:10816000FE070000002200B5203200F004F80800ED
:1081700000BD000000220B150AD410B5944600F093
:10818000A7F81414013400DA0021CB17144C20474F
:108190000020002170476244343A0CD40C2A07DADC
:1081A00004009140904052422032D440214310BDFF
:1081B000D843D94310BD203207D40C4694405242D4
:1081C00020321141D040204310BD0800C917203291
:1081D00003D452422032104110BD1800190010BDC6
:1081E000978100104A00520D144BD21A13DDFF2A5A
:1081F0001EDAD205CB0FDB071A43C300400F090379
:10820000490A084310435B0001D301D00130704795
:108210004308FBD2704702D0C80FC00770470A035B
:1082200012130132F8D1420F072AF5D1012200E0E2
:10823000FF22C80F00028018C005704780030000AD
:1082400000210A00002104E000210A00C11704E017
:108250000022002306E0C0460022CB1758405940B8
:10826000C01A994130B5184CA21A002903D1010057
:1082700010D00020203A4C1512D104D2013A001837
:1082800049414C0DFAD3114CA24204D2120589186F
:10829000DB07C91830BDD243520D00200021F5E79D
:1082A00003D4013A00184941FBD50B324405C00AFA
:1082B0004D052843C90A640003D000246041614190
:1082C000E1E7E0D34408F8E732040000FE070000CD
:1082D0000A0DCC0F531E1B05C91A520503D3C943FF
:1082E000404200D30131520D03D0531CDB0A07D0AA
:1082F000121B00206400611C89078912803A120356
:10830000014BD21A70470000FF030000023225D44F
:108310000C2A1CDA1125AD1A0B002B410832073547
:108320000600EE40904091403143F0CC63431A1573
:1083300000235A41554356435743BF02F412760572
:1083400076196741ED177F19801BB94170470C22E0
:108350000020C917490001310905DBE70902030EB6
:10836000194300025342203208D40C0019419440B2
:10837000D840204300225041514170470800C9179E
:10838000203B2032F1D50020002100227047000060
:10839000F0B5FFF79DFF54A4FFF7B8FF002904DAFA
:1083A000204C214D00196941013A04B4012752A61D
:1083B000002201239B0730CEB446001BA9410BD4F9
:1083C0007E4220361D003D411C00B4401600FE4098
:1083D000344362416B4101E000196941664601374F
:1083E000212FE8D185B29EB2754307147E43190C44
:1083F0004F4384B24C43F1173619002461410904FC
:108400007F183404310C64197941A40F880020438B
:1084100089178018594104BC52423E32FFF71DFFB4
:10842000F0BD00006BDE73F4FD855C2CF0B54F00F1
:1084300050D27F154ED001374FD0FFF749FF04B41B
:108440004902C20D1143400201272BA6B446002267
:1084500000237E4220360D003D410C00B440060052
:10846000FE40344344414D41AE0F05D12000290068
:10847000664630CE121BAB410824A4440137212F9D
:10848000E7D18900891012184B4180BC17A413CC86
:108490000137784379437C434F05C912CD17C01982
:1084A0006941A702A415CD17C9196C41DD178018C1
:1084B00059416C413E22CD17AC4208D000090E074D
:1084C00030430909260731432411043AF3E7FFF743
:1084D000C4FEF0BD02490020F0BD02490020F0BDFD
:1084E0000000F0FF0000F07FAAB800006BDE130070
:1084F000A3EF0F0021170B00F34B98BFEC23F319E8
:10850000D6104DCDE3FB470E7AB9BC8ADBC1890793
:10851000CC542C021846E103053083E7B029F8015A
:108520001E1FE0874505FE00249E41ACA9807F0008
:108530008117624515E03F00E610ABA902F81F0065
:108540008858455500FE0F00C4AAA90A80FF0700FD
:1085500056455501E0FF0300ABA92A00F8FF0100D2
:1085600045550500FEFF0000AAAA0080FF7F00001D
:10857000551500E0FF3F0000AB0200F8FF1F0000B0
:10858000550000FEFF0F00000B0080FFFF070000FA
:108590000100E0FFFF0300000000F8FFFF01000002
:1085A0000000FEFFFF0000000080FFFF7F000000D2
:1085B00000E0FFFF3F00000000F8FFFF1F00000089
:1085C00000FEFFFF0F00000080FFFFFF070000001C
:1085D000E0FFFFFF03000000F8FFFFFF01000000C5
:1085E000FEFFFFFF00000000000000800000000010
:1085F000000000400000000051434343C9188C466E
:10860000110C83B24B4310B4040C614392B280B29C
:10861000504362431C041B0C001910BC5941130445
:10862000120CC0185141614470470000484041405D
:1086300048400E4B5B6818470C4B1B6818470C4AA8
:10864000936F9B0802D2094BDB681847F0B5146E94
:10865000556E576F166FFFF7F6FF054A146655669D
:1086600057671667F0BD014B9B68184758130020E9
:10867000000000D007B548404140484001E0C046F6
:1086800007B54200120E03D0FF2A03D1420218D8C8
:10869000C00DC0054A00120E03D0FF2A03D14A02C2
:1086A0000FD8C90DC9050122414005D4414001D56B
:1086B000814207BD884207BD0143491801D0C0432C
:1086C000001807BD00B5FFF7DBFF01D0002000BD9B
:1086D000012000BD00B5FFF7D3FF804100BDC046BB
:1086E00000B5FFF7CDFF01D9002000BD012000BD7E
:1086F00000B5FFF7BFFF01D9002000BD012000BD7C
:1087000000B5FFF7B7FF804100BD491A002807D127
:1087100008467047C10FC90700D54042002817D04E
:10872000F44603B40B4B1B68984706BC81409E3847
:108730004042803107D20B0607D04900490AC005E4
:108740001043084360470130F8E7490A8902F5E71A
:1087500070470000942C002041000A0E80231B0665
:108760007E2A0BDD9E3A0BDAC117400240081843FF
:108770005242D040490001314843704700207047C1
:10878000C00FC01801387047C0420DD300B540007B
:108790004008002100F012F8002801D4404200BD3A
:1087A0008020000600BD0000034BDB69FC46184733
:1087B0001CDFB98B0010000058130020014B5B6ACE
:1087C0001847000058130020034BDB6FFC46184786
:1087D0007CDFD18B0010000058130020132310B54C
:1087E00012481C78FEF730FD0100012C0AD003DD91
:1087F00080220F4800F012FA0E48FEF71DFD0E4BC6
:10880000186010BD0A4C5422200000F007FA0B4BF0
:108810006365A365E36523666366A366E366236712
:108820006367A367E3672362E361E5E753460000FC
:10883000581300204C330000942C00208D8B001026
:10884000F8B5CE4647460C0080B5051C01294AD034
:10885000CE0F76187610012E3DD00327CA17174089
:108860007F18BF10012F2ED0072313405B18DB1099
:108870009846012B22D00F2313405B181B119946F9
:10888000012B12D00B00203B1F2B05D90021FFF735
:10889000D7FF011CFFF7E7FE011CFFF7E4FE4B4684
:1088A000DB0702D5291CFFF7DEFE011CFFF7DBFE0C
:1088B0004346DB0702D5291CFFF7D5FE011CFFF755
:1088C000D2FEFF0713D4011CFFF7CDFEF60702D539
:1088D000291CFFF7C8FE011CFFF7C5FEE40702D5FF
:1088E000291CFFF7C0FEC0BCB946B046F8BD291C24
:1088F000FFF7B9FEE7E7C046F8B50400061C0D1CFB
:10890000002817DA4B001B0E7F3B0ED41722D31A18
:108910000BD401210A009A40013A2A4205D1172BB3
:108920002BD02A00DA40114227D180231B069C4617
:108930006444261C281CFFF70FFFFF232200DB05E1
:10894000070001001A401C4222D09A4220D0630244
:108950001ED1274B984246DBFF2842DCE40D7F3CCA
:1089600067433B007F330020002B10DDFE2B3CDCF7
:10897000FE23FF059B05F81809E080231B06E0187D
:10898000291CFFF7B9FF80231B069C466044F8BDF5
:10899000002F10D03B002033402B0FD8002F06DAD9
:1089A000FE20311C8005FFF74AFE7942061C301C70
:1089B000FFF746FFEBE7FE208005E8E7301CFFF7F6
:1089C00003FFFFF71FF906000F00281CFFF7FCFE4E
:1089D00032003B00FFF747F8FFF708F9FFF7FAF816
:1089E000D5E7FF27BAE71F00B8E7FF20C005CEE7AD
:1089F00000FFFFFFF0B5C6460C1CFE2100B589053F
:108A0000071CFFF75FFE3D1C00282DD1FF26F60551
:108A100033002340984626422AD05949381CFFF794
:108A200051FE002827D0B04522D08025544AE30DBE
:108A3000FF35FF2B5CD053498B4254D0FF200100FF
:108A4000194018420BD07F3957D417235B1A002BDB
:108A500005DD012199400B00013B23424DD1211C32
:108A6000381CFFF749FF051C281C80BCB846F0BD28
:108A7000FE25AD05F8E73A003E4214D1E30D002C87
:108A800019DB7F3B0DD41722D31A0AD401210A0027
:108A90009A40013A224204D1172BE5D0DC40214212
:108AA000E2D10025E0E7FD0DFF2D3CD1002CF8DBE5
:108AB000FF25ED05D8E7FF2213407F3BF8D4E83AC5
:108AC000D31AF5D401210A009A40013A2242EFD18B
:108AD000172B02D0DC402142EAD0FF25FF0FFF0711
:108AE000ED053D43C0E7FF232B407E2BE0D9D8E7BF
:108AF0002B407E2BDCD80025B6E7002AD8DB381CBB
:108B0000FFF762FEFFF77EF806000F00201CFFF75C
:108B10005BFE32003B00FEF7A6FFFFF767F8FFF7AA
:108B200059F8051CA0E71749E30D8D4200D080E7F6
:108B3000002C10DB7F3BBBD41722D31AB8D4163AD3
:108B40009A40013A2242B3D1172B02D0DC40E4070D
:108B5000AED50D4D88E7FF2213407F3BA1D4E83A04
:108B6000D31A9ED4163A9A40013A224299D1172B31
:108B700002D0DC40E40794D580252D0674E7C0467A
:108B8000000080BFFF010000000080FF07B56046C5
:108B900001880A0A0230DF2AFAD1C9B2820804D356
:108BA000028840880004104300E00068014A5050E9
:108BB000039007BD581300200021C2158032803277
:108BC00001D0024A1047002070470000CD2A000063
:108BD000C30FDB0741000A0E07D0FF2A08D009099E
:108BE000054A89181943400770471900002070474B
:108BF0000249C918FAE70000000000380000F07FC1
:108C000001480421014B18477010002059720010D0
:108C1000014B1B681847000070100020014B5B6877
:108C200018470000701000209A4200D28854704704
:108C30007047C046F8B55746DE464E464546E0B555
:108C400099460A9B07009A460D9B884693460B9CC3
:108C50009B073BD10C9B9C423DD21E1B0B941500E5
:108C60000C005E442A004B46013521002020B84705
:108C7000B542F7D1A0460B9C002C20D045463619B2
:108C80005346321B013C185D29004B46B847002C67
:108C9000F6D12B00350098460D9B9B070FD55B4600
:108CA000EC1A0C9BA3420AD9464698462A004B462A
:108CB000310020200134B84701354445F6D328005F
:108CC000F0BCBB46B246A946A046F8BD160015004A
:108CD000002CD3D1E0E716001500002CCED1EEE732
:108CE000F0B54546DE4657464E46E0B585B09C4653
:108CF00010AB1B78149F934698460F9C129E139DB1
:108D0000BB074CD4002D42D1B44248D201233B4092
:108D100099460E9B013B9A46302304E052460134AB
:108D20001355A64201D9202CF8D14B46002B00D177
:108D300083E00E9B013B99463023A54205D82EE0E7
:108D40004A4601341355AC4229D0202CF8D1FB06F9
:108D50000CD57B0554D4A64263D0A54261D0119BAB
:108D6000102B50D0022B57D0202C32D1202301932E
:108D70000E9B5A460093039763460295FFF75AFFEE
:108D800005B0F0BCBB46B246A946A046F0BD0123E3
:108D90003B40994601233B422AD1B442B9D3FB065A
:108DA0001CD57B05DBD4002CD5D1119B102B5BD0BF
:108DB000119B022B6BD0302301240E9A1370434673
:108DC000002B10D17B073ED52B260E9A631C16551F
:108DD000CDE72300013430260E9AD654202CC5D07E
:108DE0004346002BEED02D260E9A631C1655BEE787
:108DF0004346002B2FD0013DB44200D289E798E7CB
:108E0000119B102BB2D1BB0637D5202CAED05823E6
:108E10000E9A13550134A7E7202CA7D02300013464
:108E200007E0631E012CC0D0119A102A31D0022A0B
:108E3000D1D162260E9AD65496E7FB06CED57B0595
:108E400000D488E78BE723003E0790D520260E9AB2
:108E5000013316558BE70C233B405A1E9341ED1A04
:108E6000B44200D255E764E7BB060ED478230E9ACD
:108E70000224137030235370A1E7202C00D175E732
:108E800078230E9A135501346EE75823EFE76033C9
:108E9000EDE70E9AA61E91464E44BA0602D5582218
:108EA000327098E77822327095E7C04610B50028F6
:108EB00000D110BD01F0DCFCFBE7C046F0B5574621
:108EC000DE464E464546E0B595B083460F009246D5
:108ED00098461E9A1F9B10001900209EFEF721FE47
:108EE000002800D0EAE11E981F990122C54B52428A
:108EF000FEF7FCFD002800D014E11E981F99012206
:108F0000C14B5242FEF708FE002800D0E9E01E984F
:108F10001F990022BD4BFEF7FFFD002800D0C8E0DE
:108F20001E981F990022BA4BFEF7E0FD002800D0E2
:108F3000BFE01E981F9900220023FEF7D7FD0028EE
:108F400000D0E4E000230B93229B5B0500D40626AF
:108F50000024302307E0172106AA013452181355C4
:108F6000013E202C01D0092EF5D81E981F99FEF73E
:108F700001FEA84BF2009B181A685B680500089276
:108F80000993FEF7DFFD02000B001E981F99FEF704
:108F90003AFD089A099BFEF766FD06900791FEF7D9
:108FA0000DFE8146FEF7CAFD02000B0006980799E8
:108FB000FEF729FD0022984B06900791FEF7ACFDC5
:108FC000002800D10DE101239C46E1444846FEF70C
:108FD000B5FD02000B0008980999FEF78DFD0028E9
:108FE00002D0002399460135002E00D1D9E0069524
:108FF0004D46B94614E006AA944617230A21634455
:10900000280001341F19FEF7C3FA303139702800E7
:109010000A21013EFEF7BCFA092D00D817E1050030
:10902000202CE8D14F46069D20240CAE06AA17231B
:109030009446634499465B46B34606930FE04B461D
:1090400028000A210134E618FEF77AFA30312800A8
:1090500031700A21FEF774FA051E00D1E4E0202CDD
:10906000EDD1069B5E469B460323229A1340012BBB
:1090700018D1219B002B15D00B9B002B00D1FDE0BC
:10908000219B013B2193202B0CD93023219A07E00F
:10909000172006A9013409180B55944200D3CCE0DF
:1090A000202CF5D1229B01940393219B00960293DF
:1090B00022E0229B52460493219B39000393584699
:1090C0001E9B1F9C029600930194434600F04AF9B0
:1090D0000400200015B0F0BCBB46B246A946A0462D
:1090E000F0BD229B5B070FD403224C4B22990192C7
:1090F0000391219900930291434652463900584604
:10910000FFF798FD0400E4E70422454BEEE71E9AC2
:109110001F9B00200021FEF776FC01231E901F916B
:109120000B9311E7229B54469B0711D1219B042BE3
:109130000ED9219B55469C465E46043C64442A0059
:109140004346013539002020B047A542F7D1B34648
:10915000344D26002B1F99465B46A3461C00320067
:10916000E87843463900013DA04701364D45F6D128
:1091700023005C469B46229B04349B07A9D553469B
:10918000219AE31A9A42A4D95E461500220043466A
:1091900039002020B04753460134E31A9D42F5D8E8
:1091A00097E72800FEF7CEFC02000B001E981F99DF
:1091B000FEF729FC0022184B06900791FEF796FC5B
:1091C0000CAE002800D031E7069807990022124B18
:1091D000FEF7A2FC002800D028E7012301359D43BB
:1091E00024E70022069807990B4BFEF77FFC002826
:1091F00000D0F9E64B46002B5CD101239C46E144AC
:10920000F2E6C046FFFFEFFFFFFFEF7F65CDCD41E8
:1092100065CDCDC188E300100000E03F60DE0010A6
:1092200058DE001068DE0010069B5E469B46032356
:10923000229A1340012B00D181E0202C00D131E78C
:109240000B9B002B27D02D23335501342AE74F46A3
:10925000069D202C00D1E7E63022331907E01720C5
:1092600006A9013409180A55202C00D1DCE6A342D6
:10927000F5D12E220CAE0134F254D7E60C23229AFB
:10928000134257D0219B013B2193A34200D9FCE616
:10929000202C00D106E7229B5B0703D52B233355F7
:1092A0000134FFE6229B1B0700D4FBE62023335545
:1092B0000134F7E6DB0700D496E69EE7229B55468D
:1092C0009B0711D1219B032B0ED9219B54469C4611
:1092D0005E46033D654422004346013439002020A8
:1092E000B047AC42F7D1B346B9465F461C4EEC1CC2
:1092F0002A00B078434649460135B847013EAC42A2
:10930000F6D1229BBB464F469B0700D4E1E653466D
:10931000219AE31A9A4200D8DBE65E461500220045
:10932000434639002020B04753460134E31AAB428C
:10933000F5D3CEE6219BA34200D9A6E6B2E6219B57
:10934000002B00D179E70B9B002B97D0219B013B91
:1093500021939C4200D298E6202C00D073E7A1E62E
:1093600064DE0010F0B5DE4657464E464546E0B591
:1093700099B081468B4692469846229A239B1000CC
:109380001900FEF7CEFB002800D0CAE022982399EE
:109390000122824B5242FEF7BFFB002800D0C0E002
:1093A0002298239901227E4B5242FEF79FFB002810
:1093B00000D0B6E02298239900220023FEF796FB06
:1093C000002800D0C9E1229B239C089309940898A7
:1093D00009998023269ADB001A400D928022269C50
:1093E0001201144022000B94269C07000E001C4220
:1093F00000D0ADE00B00034300D0D5E0002A00D040
:109400000AE2220006332493022313400C93022322
:10941000134200D002E2259B042B00D20FE2043B52
:109420000B93002304250A930022229823990023FA
:10943000FEF75CFB002800D003E25A4B269A13404B
:1094400004930B9B0393249B0293089B099C00931A
:1094500001945946434652464846FFF72FFD020005
:109460002020269B1F27034059424B415B42184056
:10947000531C0893594643464530C8470A9AD317A8
:10948000D4185C40D30F0A936B1E0B9308AB9C4619
:109490000025674401E0202D0FD020000A21FEF7AF
:1094A00077F801357E193031317020000A21FEF73E
:1094B0006FF826000400092EEDD8052306930B9BB8
:1094C00059460593002304930A3303930A9B4846A5
:1094D000029310AB0093089A43460195FFF700FCF6
:1094E0000C9B002B2DD05346C41A259BA34228D990
:1094F0004D465F4681461E00534639001A1920200A
:1095000043460134A847A642F6D853464846259913
:10951000C21A01320023914200D386E101301818AB
:109520000FE0269B0493259B0393249B0293229B8D
:10953000239C009301944346524659464846FFF700
:10954000BDFC19B0F0BCBB46B246A946A046F0BD72
:1095500001432BD10B9B2200002B00D154E70023A9
:109560000A93249B0A9A0024934200DD85E1229805
:10957000239900220023FEF7B9FA002800D035E134
:10958000269B084A02941A408023DB00134304936D
:10959000259B0393089B099CCBE7C046FFFFEF7F09
:1095A000FFFFEFFFFFF7FFFF06232493B44B70008C
:1095B0009C46400D6044FEF7C5FAB24AB24BFEF736
:1095C00052FAB24AB24BFEF727FA3603B14B360BCA
:1095D000334304000D00380019000022AE4BFEF7A3
:1095E00012FAAE4AAE4BFEF73EFA02000B00200024
:1095F0002900FEF711FAFEF7BDFA0A90FEF7A2FA6B
:10960000A84AA94B04000D00FEF72DFA0022A74B33
:10961000FEF702FAFEF7AEFAA54A0600A54B2000B7
:109620002900FEF720FA040030000D000C96FEF72A
:1096300089FAA14AA14BFEF716FA02000B0020009E
:109640002900FEF7E0F902000B0006000F00FEF70C
:109650000AFA320004000D003B0030003900FEF72A
:10966000DBF900220E900F91954B20002900FEF7A8
:10967000DCF90022934BFEF7CFF902000B0020002B
:109680002900FEF7D2F900228F4BFEF7C5F9020040
:109690000B0020002900FEF7C8F90D00802104000E
:1096A00032003B000020C905FEF7ADF902000B00B7
:1096B00020002900FEF7B0F902000B000E980F9968
:1096C000FEF7B3F90022734BFEF7A6F97F4B0C9C13
:1096D0009C46644400222305FEF7C5F906000F00EE
:1096E00002000B0008980999FEF700FA00280AD03A
:1096F0000A9B3000013B39000A930022714BFEF7B0
:1097000094F906000F000A9A330063323900C62A22
:1097100012D802222698042510400B9A0C90002A99
:1097200025D1259B042B05D9002800D0A1E0259B3D
:10973000043B0B93042541E00222269810400B9A2B
:109740000C90002A12D1259B052B76D9002872D1C6
:10975000259B0525053B0B9334E080221206944699
:10976000229B0893239B6344099330E605250B4312
:1097700000D1F6E608980999554A564BFEF7C4F908
:10978000002808D0089809990022534BFEF7AEF93B
:10979000002800D0E5E6249B002B1CD00D9B002B5D
:1097A00019D0249B013B2493259BAB4204D90C9BED
:1097B000002B5AD002230C9300230B930A9B002BFF
:1097C00000D131E60898099932003B00FEF72DF9E7
:1097D0000890099128E6259BAB42EDD90C9B002B04
:1097E00043D000230B9302330C93E7E78020269BA2
:1097F0003A4A00061A40802384460294089C099D38
:109800002900DB0013430493259B6144220003934A
:109810000B00009201938EE60524A8E600230B932B
:109820000A93023304250C93FEE553468C46013B14
:1098300063441B1A72E602230C930525C2E7042336
:10984000EDE58020089E099F000639008446269A8F
:10985000224B6144134004930B9B32000393249BDF
:1098600002930B0000920193F3E5259B5B1B0B9386
:10987000A4E7022304250C93A0E79C1A013C76E69A
:1098800001FCFFFFFB799F501344D33FB3C8608BAB
:10989000288AC63F0000F03F0000F83F61436F6335
:1098A000A787D23F71A379094F930A400000E03F98
:1098B0001655B5BBB16B0240EF39FAFE422EE63FBA
:1098C00000002C400000244000001840FF0300006E
:1098D0002D431CEBE2361A3F80842E41FFF7FFFF39
:1098E000F0B5DE4657464E464546E0B5A5B01E00EB
:1098F0002E9B92460C93CD4ACD4B80468B461A60E8
:10990000002900D1EAE1002330789946002800D1EF
:10991000ECE1C84B4C460B93C74B454657460E935C
:109920000AE0631C984622003B005946A84744467B
:109930003078002800D187E001362528F1D10823AE
:109940009A46043B9946023B9846013B00229C46BE
:109950000D943078711C0300203BDBB2102B03D830
:109960000B9C9B00E3589F460300303B89460D9CAF
:10997000092B3AD9002398462A2800D1C1E00023B8
:109980009A462E284BD00300683BDBB2122B1ED820
:109990000E999B00CB589F4663460E001A43D8E7AA
:1099A00043460E001A43D4E74B460E001A43D0E755
:1099B00010230E001A43CCE753460E001A43C8E7A3
:1099C00080235B001A43FF3B9C467078E1444E467F
:1099D00067284FD82428A4D90300253BDBB2422BAB
:1099E0009FD896499B00CB589F46002394461E0063
:1099F00000E00131B3009B195B001E180878303E6F
:109A00000300303B092BF4D90123624689469C466A
:109A10000023B0469A460E00E1442E28B3D13021EF
:109A2000802049428C46C000024370784B468444F3
:109A30006146092900D86CE12A2800D17AE1012386
:109A40009C464E46E1449EE7A146A846BA46CA4512
:109A500003D801235B425344994653464A4659462C
:109A60000020C047200025B0F0BCBB46B246A94646
:109A7000A046F0BD0300693BDBB20D930F2B00D96C
:109A80004FE7012199408C466D49894661464B4616
:109A900019400F91634649460B4200D028E10D9BC7
:109AA0000A2B3AD0072B00D03BE70C9B190008C9C2
:109AB0008846002B00D14BE121200243914614A996
:109AC0008C461F220F2162448C4651460D950C9105
:109AD000A24615000F9902E020290CD0130064461D
:109AE0001C4020003730092C00D807380131685459
:109AF0001A090F2BF0D80C9B54460D9D9A460F91D6
:109B000033E10C9B02CB8846002947DB0C930123F1
:109B10009C4670784E46E14431E70C9B02CB14938F
:109B20005346002B00D138E19C4608780B000C907E
:109B30008C44002801D100F098FC89466146944687
:109B400003E05A780133002A01D08B42F9D149460B
:109B500062465B1A0C900F93530500D520E1022357
:109B6000180010400D90134200D1CBE30D930B1B56
:109B7000B1469A465E460C9822003B003100A84749
:109B800053460134185D0028F6D1B3464E460D9B6E
:109B9000002B00D0C7E1149B0C93C9E60C93012362
:109BA0009C46283849420243884670784E46E14434
:109BB000E5E670786C2800D17FE180235B001A43D2
:109BC000FF3B9C46E14402E780239B001A430123AC
:109BD0009C467078E144FAE67078682800D173E119
:109BE00080231A437F3B9C46E144F0E6672800D17E
:109BF00003E1472800D15AE1452800D15AE10492F7
:109C0000072142460C9B0392073352468B431900AF
:109C100002920CC92800009201930C9122003B0093
:109C20005946FFF79FFB040082E6C046E19800100A
:109C300030230020E8E100102CE2001078E2001050
:109C400041900000462800D1DBE004920721424603
:109C50000C9B0392073352468B43190002920CC9A6
:109C60002800009201930C9122003B005946FFF717
:109C700025F904005CE6631C984622003B00594627
:109C80002520A847444653E60C9B04330D93631CE0
:109C90009946920700D422E10C9B2200187859467D
:109CA0003B00A84743464444012B00D885E23300DB
:109CB000B8462E005F4625004C4699462200434692
:109CC000013439002020B047AC42F7D12C00BB460C
:109CD000350047464E460D9B0C9329E6DB4B30780A
:109CE000984600239946002800D012E60024AEE6EC
:109CF0006F2800D188E000D80BE31023782800D12A
:109D0000CFE09A430A239C4600230F930A330D9316
:109D100080E05646B1008919490001330E181878C1
:109D2000303E010030390929F4D9B2461E00013312
:109D3000994628E60C9B023602CB8A46C943504618
:109D4000C917084082460C933078731C99461AE66E
:109D500010231000984311331843814680201300CC
:109D6000C0000340024200D1A9E64B4606930823F7
:109D700005935346049310230393002302930F9BF0
:109D8000220001931CAB009359463B002800FEF7CC
:109D9000A7FF434604000C93CAE501235B42C3E6D8
:109DA0000F9B534501D953460F93022318001040CF
:109DB0000D90134200D1B7E10D93D1460B1B9A468B
:109DC0003300A1442E0022004D460C98B9465F4650
:109DD0009B4608E04B463900541CB0475346185D7B
:109DE000002877D022009542F4D15B46BB464F460F
:109DF000A94635004C461E00C9E680231B011A43C4
:109E0000FDE620231A4320E708239C4600230F93F6
:109E100008330D9380231100DB0019401A4200D152
:109E200016E10D239A431000802302009B001A4084
:109E30001492184200D0C2E1802302005B001A4055
:109E400091460C9A04320F92184200D0B7E24306B2
:109E500000D59FE1030600D419E30C9B1B880993EE
:109E6000002B00D0FCE110339843002900D1F7E12A
:109E70000023994643460593534604930D9B069051
:109E800003930023D2E0582808D0622867D1022328
:109E90009C4600230F9302330D93BBE720231A4304
:109EA000103B9C4600230F9310330D93B2E78023A1
:109EB0001B011A4320231A43A1E6C0239B001A4327
:109EC000F31C9946B07882E5C0231A43F31C9946E7
:109ED000B0787CE535005E46BB464F4657E64346C4
:109EE000012B00D863E1631E43449A463300B94610
:109EF0002E005F4655469B46A24622004B46013443
:109F000039002020B047AC42F7D135005E46BB4651
:109F10004F46A14654460C9B4A46187859463B008A
:109F20004444A847D7E6A1460F9B984500D832E69F
:109F30004444E41A3300B8462E005F4625004C46E0
:109F4000994622004346013439002020B047AC42F4
:109F5000F7D12C00BB46350047464E461BE6802312
:109F60001000DB0018401A4200D10FE11121180047
:109F70008A430D920D9A802311009B0019408C4654
:109F80001A4269D1802311005B00194089460C995F
:109F900004310F911A4200D0CAE113005B0600D5CC
:109FA000F0E013001B0600D459E20C9B00229B5EDC
:109FB000D9175A184A4092B2D90F0C91002B00D1F0
:109FC000F9E1100014AA944642461F231492524607
:109FD0006344A84616944D460400B946B2461F0095
:109FE000159201E0202D0FD020000A21FDF7D0FAB4
:109FF00001357E193031317020000A21FDF7C8FA91
:10A0000026000400092EEDD8149B4F46A94645466C
:10A010009846159B56469A46169C0D9B06934346BA
:10A020000593534604930A2303930C9B02934B46D8
:10A0300001931CAB2200009359463B002800FEF719
:10A040004FFE0F9B04000C9372E4C046318C00104D
:10A050000C239A431000E7E607220C9B0733934337
:10A06000013294469C4462460C920CCBD90F0F915E
:10A070001100194300D191E0D91713911291514069
:10A08000109113995940119110981199129A139B9C
:10A09000801A99411090119114AA002394464246C7
:10A0A0009946149252461F336344A846B24616940A
:10A0B0004E46109C119DB94615921F0001E0202EBE
:10A0C00010D0200029000A220023FDF79FFA013654
:10A0D00030322B00BA550D0022000400002BEED1C7
:10A0E000092AECD8149B1094119545469846159B67
:10A0F0004F46B14656469A46169C0D9B06934346DC
:10A100000593534604930A2303930F9B02934B46F4
:10A1100001931CAB2200009359463B002800FEF738
:10A12000DFFD0400FFF704FC0F9B984500D8C1E158
:10A130008023DB000D9343460F9A1B199B1A994607
:10A1400033002E004D46B9465F469B460C912200D7
:10A150004B46013439002020B047AC42F7D143468A
:10A160000C9901330F930B7835000C935E46BB4678
:10A170004F46002B00D10EE50D9B002B00D1F6E4DD
:10A18000002319E60C9B1B781A0015E710239A434D
:10A190000D92EFE60C9B1B78099361E6002399462C
:10A1A0000028AAD1002200231092119374E70C9B7F
:10A1B0002200187859463B00A8474C468BE50C9A7C
:10A1C000FA3BFF3B07329A430133994691444B4691
:10A1D0000C931368526815921A4306D110329043BB
:10A1E00000220992002900D081E06122810600D579
:10A1F0004122D2B20A9214AA91460A9A00210A3A3E
:10A20000149242461792524618925A460991B34602
:10A210001F311E000F9B4944BA4619941A95002419
:10A22000674698468946159D16901B920AE0303283
:10A23000D2B24B4601341A55A8454AD0202C4AD0F8
:10A2400006000D003A00002330002900FDF7DEF97A
:10A25000D2B2092AEBD9149B9C466244D2B2E8E7F9
:10A260006123820600D54123DBB20A3B0C934346AF
:10A2700014A91F228C46159353466244A046B24649
:10A280004C461797A9461700099D0D9E14901693EA
:10A2900008E03033DBB201343B55B5420ED3202CFD
:10A2A0000CD0050031002800FDF772F9CBB2092966
:10A2B000EFD90C9A94466344DBB2ECE7159B4D460C
:10A2C000A14644469846169B564614989A46179FB0
:10A2D000D0E5B742B2D9179B57469846189B5E46C1
:10A2E0009A461B9B09949B461698199C1A9D4346B7
:10A2F0000593534604930D9B06900393002302930A
:10A30000099B05E70F9B984500D914E701330F938C
:10A310002DE41023110099430D91692800D0BAE073
:10A3200080231000DB0018401A4200D122E61DE60F
:10A330000C9B1B68DA0F1100002B00D18CE0DA17A0
:10A340009818504014AA914642461F231492524630
:10A350004B44A046A946169704006546B2461F0026
:10A360000C91159201E0202D0FD020000A21FDF75D
:10A370000FF901357E193031317020000A21FDF7C7
:10A3800007F926000400092EEDD8149B4446984690
:10A390000C9BAC461900159B56464D469A46169F97
:10A3A0000D9B0291069343460593534604930A235B
:10A3B000039363463CE6002800D02EE602E60C9BA1
:10A3C0001B689946002B03D110339843002938D1DC
:10A3D0006123820600D54123DBB20A3B0C9343463E
:10A3E0001693534614A91F228C4617932B006244E0
:10A3F000A0464D46B246189799461700149C0D9EEC
:10A40000159008E03033DBB201343B55B5420ED332
:10A41000202C0CD0050031002800FDF7B9F8CBB294
:10A420000929EFD90C9A94466344DBB2ECE7169BFA
:10A43000149444469846179B56464D469A4615989E
:10A44000189F43460593534604930D9B0690039330
:10A4500000230293149BEBE50028A1D172E70C9B2B
:10A460001B68D9175A184A40A6E580231000DB0064
:10A4700018409C460F901A420FD002200300134050
:10A480000F93104219D00023A1460F934CE50C9B6B
:10A490001B680993E4E40A0034E402231800104026
:10A4A0000D90134200D03EE54346002B00D042E61B
:10A4B000FFF771FB01330F937FE463460D93F3E7DE
:10A4C0000CB430B585B008AC08CC064D0A00009439
:10A4D000010028000394FFF703FA05B030BC08BC64
:10A4E00002B01847298C001010B5094A03001468FF
:10A4F00084B0002C08D0012200910648524203A9E2
:10A50000A047012004B010BD00F0FCF90020F9E7DD
:10A5100030230020AD8E001000BEFDE710B5FFF720
:10A52000FBFFC04670B5FCF7E7FE074D074EB5428E
:10A5300009D20024013E761BB60808CD98472300B7
:10A540000134B342F9D170BDD4D90010DCD9001068
:10A55000030010B5080011001B68984710BDC046E5
:10A56000F0B5C64600B5437D07000C001600002B71
:10A5700046D0002A17DD0B780A2B24D000239846FA
:10A58000012E13D001252900635C01350A2B26D04A
:10A59000B542F8D1464509DCA419013C23780D3BAE
:10A5A0005A4253413B7580BCB846F0BD4346E01863
:10A5B000A419F11A013C3B68984723780D3B5A4295
:10A5C00053413B75EFE7037D002BD7D102210F48A4
:10A5D0003B689847012EDFD001239846D2E7631EDF
:10A5E0005B5C0D2BD4D0884504DA4346C91AE018C9
:10A5F0003B689847022105483B68A8469847C7E74B
:10A600000368110020009847CDE7C046D8E300104A
:10A61000F0B54546DE464E465746E0B583B0914616
:10A620001C0080460D00FCF73DFB0023304A121849
:10A630004B41002B02DA01222E4B52422E490800D8
:10A640008A4603F089F907006B1C03D1404603F0EA
:10A6500011F90500002C27D0284E294B1C68002C2E
:10A6600018D04B46002B21D1264B994602E0246995
:10A67000002C0FD02368002BF9D04B461B68002B11
:10A6800001D09C42F3D120002A004146B047246902
:10A69000002CEFD1002F26D1280003B0F0BCBB4620
:10A6A000B246A946A046F0BD174ED6E7154B9946CF
:10A6B0000A239B4602E02469002CEBD02368002B80
:10A6C000F9D04B461B68002B01D0A342F3D12A00DE
:10A6D00041462000B0476B465A462000DA71D91D2A
:10A6E0000122B047E7E7504603F0FEF8D4E7C04642
:10A6F00040420F00FFFFFF7FC810002061A500103F
:10A70000101D0020081F002051A50010F0B5CE46F6
:10A71000474680B583B06B460600DD1D2870FCF708
:10A72000C1FA0023194A12184B41002B02DA012208
:10A73000174B524217490800884603F00DF9164B93
:10A7400081461C68002C14D0144F02E02469002CB0
:10A750000FD02368002BF9D03B68002B01D09C421E
:10A76000F4D1200001222900FFF7F2FE2469002C19
:10A77000EFD14B46002B05D1300003B0C0BCB94629
:10A78000B046F0BD404603F0AFF8F5E740420F0099
:10A79000FFFFFF7FC8100020101D0020081F0020B1
:10A7A0000A4A1368002B05D10CE01A001B6910320D
:10A7B000002B07D08342F8D1002902D1186910601C
:10A7C000196170470029FCD01060FAE7101D0020C5
:10A7D00010B500F0CBFA10BDF0B5CE4647460400E8
:10A7E00080B583B0FCF75EFA2600002736184F418B
:10A7F000002F02DA01261A4F76421A4B1A4D99465B
:10A8000001AB98464B461C68002C03D116E0246926
:10A81000002C13D02B68002B01D09C42F7D1A368E9
:10A82000002BF4D00121404698470028EFDD434635
:10A83000187803B0C0BCB946B046F0BD0B4B5A6A9D
:10A84000974207D89B6AB34202D302204042F0E706
:10A850009742FAD101200021FCF76CFAD2E7C046FA
:10A86000FFFFFF7F101D0020081F00200040054053
:10A87000F0B5CE46474680B583B06B460600DD1D79
:10A880002870FCF70FFA0023194A12184B41002BCD
:10A8900002DA0122174B524217490800884603F09A
:10A8A0005BF8164B81461C68002C14D0144F02E054
:10A8B0002469002C0FD02368002BF9D03B68002BB3
:10A8C00001D09C42F4D1200001222900FFF748FE6C
:10A8D0002469002CEFD14B46002B05D1300003B08A
:10A8E000C0BCB946B046F0BD404602F0FDFFF5E7FA
:10A8F00040420F00FFFFFF7FC8100020101D002006
:10A90000081F002070B5040002F0B4FF012301000D
:10A91000050001222000FFF77BFE084B1C68002C7D
:10A9200006D06368002B05D098472469002CF8D125
:10A93000280070BD2469002CF3D1F9E7101D002018
:10A940007047C0460022014B1A707047832E0020CA
:10A950004B790020FF2B0BD18B79002B08D1CB79C1
:10A96000012B05D1082A03D9024B8A7809301A70C5
:10A970007047C046832E00200120704710B5012982
:10A9800013D112495379107909781B02034300202F
:10A99000994200D010BD5378012B08D0022BF9D179
:10A9A000642200210020FCF7F1FB0120F2E7D378BC
:10A9B00091781B021943480ADB0501D4012040426B
:10A9C0007F238A05D20F1940FCF768FC832E0020F4
:10A9D00000487047A4E4001070B505001400012081
:10A9E000012909D153780020012B05D1637912790F
:10A9F0001B021343072B00D070BD21002800024A20
:10AA00009F3301F055FAF7E7FCE3001001230370D0
:10AA100000487047DCE300104B780A781B021343B0
:10AA20008A7810B512041A43CB781B06134396227A
:10AA3000D200934200D010BD0022012011004042FC
:10AA4000FCF72CFC024B1860024B19607047C046A3
:10AA5000AC1C0020B01C002010B5024B1878FBF78E
:10AA6000F7F810BD842E0020154B70B51A68002A27
:10AA700022D0EFF3108172B610680028FCD0BFF32B
:10AA80005F8F00200F4A596010701B68BFF35F8F03
:10AA9000186081F31088002400250B4E3078FBF7F6
:10AAA000CBF8002804D1002400252900200070BD27
:10AAB0003078FBF7CDF8F8E7FA240025A400ECE79E
:10AAC00054230020852E0020842E002070B5040021
:10AAD00000200E0001F00AFB002834D0002001F015
:10AAE0001BFB00282FD0FCF7DDF80023174A1218B3
:10AAF0004B41002B16DB164D280002F02DFF0028DD
:10AB000021D0002001F0F2FA00280FD1012000210D
:10AB1000404200F001FD03246442280002F0E4FEFC
:10AB2000200070BD01220B4B5242E4E7002001F0EF
:10AB3000F3FA0028EAD021003200002001F0F6FAF2
:10AB4000041EEAD1E7E703246442E9E740420F002C
:10AB5000042E0020FFFFFF7F10B5FCF7A3F80023B1
:10AB60000D4A12184B41002B02DA01220B4B5242C4
:10AB70000B4C200002F0F0FE00280CD00120002138
:10AB8000404200F0C9FC002001F014FB0028F5D180
:10AB9000200002F0A9FE10BD40420F00FFFFFF7F22
:10ABA000042E0020F8B5DE46574680B505000C009F
:10ABB000FCF778F80023364A12184B41002B02DAD2
:10ABC0000122344B5242344908008A4602F0C4FE46
:10ABD000002803D1C0BCBB46B246F8BD002001F03E
:10ABE00085FA00284AD00026002C43DD2B4B9B46DB
:10ABF00014E0A919002001F017FB07000120002133
:10AC0000404200F089FC002001F0D4FAFCF74AF839
:10AC1000224BF61918605960B4422BDD002001F078
:10AC200023FBA71B0200B84200DD3A00002AE0D156
:10AC300001200021404200F06FFC002001F0BAFA30
:10AC4000002001F053FA002814D0002001F00CFB82
:10AC50000028E1D1FCF726F85B460F001A685B6814
:10AC6000002184460E4812184B419F4202D8D3D18E
:10AC70009445D1D9504602F037FEABE700200021C1
:10AC8000064B18605960504602F02EFEA2E7C046FF
:10AC900040420F00FFFFFF7F042E002050120020D3
:10ACA00020A1070030B52A4C85B00021200002F019
:10ACB00043FE00281CD1274B1A68002A16D0EFF358
:10ACC000108172B610680028FCD0BFF35F8F01249A
:10ACD0002148596002781B68D2B20470BFF35F8FBD
:10ACE0000020186081F31088002A17D005B030BD0D
:10ACF00001200021404200F00FFC002001F00CFA7E
:10AD00000500200002F0F0FD002DEFD0134B1B6872
:10AD1000002BEBD0124A10689847E7E7FBF78CFC52
:10AD20000400FBF7BFFFFA220023920012184B41E8
:10AD3000002B02DA01220B4B524201210291002129
:10AD40000191094920000091FBF77AFCCEE7C0464B
:10AD5000042E002054230020852E0020AC1C00204F
:10AD6000B01C0020FFFFFF7F69AA0010D02310B5A0
:10AD70001B0684B01C68FBF75FFCFBF75BFDA04281
:10AD800002D0002004B010BD294B002100201B7808
:10AD900001F05EFD27480368002B45D00120FBF73A
:10ADA000D9F9FF23244C254920701840FAF76AFF8F
:10ADB00020780121FAF72EFF0520FAF751FF00282D
:10ADC00024D1082200211E48FDF722FFFBF734FCA6
:10ADD0000400FBF767FFFA220023920012184B4190
:10ADE000002B02DA0122174B52420121029100216D
:10ADF0000191154920000091FBF722FC0028C0DBDF
:10AE000012480121FFF7CCFC0120BBE70120FAF733
:10AE1000CFFE0B4B01001800FBF7FEF900220520C6
:10AE20000B49FAF759FFEBE7FBF7DAF9B6E7C0464B
:10AE300058E60010042E0020842E0020A5AC00103F
:10AE400054230020FFFFFF7F69AA0010801000201C
:10AE500059AA00100048704740E5001000487047AC
:10AE6000ECE4001010B5040017480378002B20D044
:10AE7000002C06D1154B16484380063BFF3B038050
:10AE800010BD052C1DD8134BA400E0581249012316
:10AE9000013804E001330A800231142B0DD0C25C6A
:10AEA000002AF7D1C022DBB25B00920008481343AE
:10AEB000E5E7112100F01AF8DAE7CA2304489B00FD
:10AEC000DDE70020DCE7C046502E0020090400002A
:10AED000E81C0020D4E40010EA1C002010B5024851
:10AEE00000F0D8F810BDC046CC2B002030B54B1E6A
:10AEF000012900D1A7E0664A11780D092C003034F1
:10AF00009F2900D9A2E00470012B00D1BEE00F21DF
:10AF1000147821400C003034092900D998E044709D
:10AF2000022B00D1B2E054782509290030319F2C42
:10AF300000D990E08170032B00D1A7E00F212140C0
:10AF40000C003034092900D987E0C470042B00D1EB
:10AF50009CE094782509290030319F2C00D97FE0AE
:10AF60000171052B00D191E00F2121400C003034FC
:10AF7000092900D976E04471062B00D186E0D47807
:10AF80002509290030319F2C00D96EE08171072BF3
:10AF900000D17BE00F2121400C003034092966D814
:10AFA000C471082B00D171E01479250929003031D2
:10AFB0009F2C5FD80172092B68D00F2121400C0013
:10AFC0003034092958D844720A2B5FD054792509A6
:10AFD000290030319F2C52D881720B2B56D00F2173
:10AFE00021400C00303409294BD8C4720C2B4DD0B1
:10AFF00094792509290030319F2C00D9073101733C
:10B000000D2B43D00F2121400C003034092901D9E8
:10B0100037310C0044730E2B38D0D1790C09220043
:10B0200030329F2900D9073282730F2B2ED00F2286
:10B030000A4011003731092A01D830321100C1739A
:10B04000102B23D010300023037030BD07345AE793
:10B0500037310C0063E707316CE737310C0074E7D8
:10B0600007317DE737310C0085E707318EE737314F
:10B070000C0095E707319DE737310C00A3E7073156
:10B08000AAE737310C00C4720C2BB1D1C018DAE733
:10B09000CC2B002010B588B004000D22002168469A
:10B0A000FDF7B6FD0D22002104A8FDF7B1FD4B23ED
:10B0B0006A466846137004A90D2202F00DFC1521A2
:10B0C000082220006944FDF7A9FD08B010BDC04664
:10B0D000F8B500F047F90C23194DFF22AB670520A6
:10B0E0001849FAF7F9FD184C402200212000FDF71D
:10B0F0008FFD4027002301262121144A66702783F3
:10B10000A260136063545F31618445396354104A0F
:10B1100010496360E2602787A1620B606362E262AC
:10B1200002F0F2FB80239B052E64EB6490230A4A15
:10B130000120EA508022094B5202DA64F8BDC04671
:10B1400000001150450500202C1F002084001050E5
:10B15000000110508000105010D00100002011504C
:10B1600010B501210520FAF755FD10BD10B50022DC
:10B170000021024800F016F910BDC0464C1F002007
:10B18000044B1970002904D080219023024A8902BF
:10B19000D15070477C2E0020002011500B785B06A8
:10B1A00002D14B78052B00D070478A78014B1A608A
:10B1B000FAE7C04600001150F0B5C646C87800B5A1
:10B1C0008007830F1800012B60D08F780A794B79A4
:10B1D0007F213940FC091B024E001343334D3219C5
:10B1E0005201AA18977001276740577000275B0526
:10B1F0005B0DD7701383D076B846CA00012C32D0CD
:10B200002B4FBC468F016244BC46AC446746BA60D3
:10B2100047461760002932D0264AC9009046624648
:10B22000414451603F223F339343022837D02249A3
:10B2300037190A687F01D3180B602049EF19FA60AB
:10B240008B422ED836197601AD19EB7E1C499B0630
:10B250004A4013438022120613436A681360012098
:10B2600080BCB846F0BD174FBC468F016244BC4657
:10B27000AC446746BA6247461760002908D10023EC
:10B2800064012C196360104BE360E8E70020E7E7F6
:10B290000B4AC9009046624641445162C2E75B00D6
:10B2A000C5E7FCF723F8FA68CCE7C0462C1F00205E
:10B2B000840010500400105038230020FF0F10505D
:10B2C00000001050800010500001105010B502F026
:10B2D0001BFB10BD10B57F200C0020404000E4098E
:10B2E000110000191A00034B4001C01800F05AF871
:10B2F000012010BD2C1F00207F23180000B508403E
:10B3000083B00B4204D14B424B41084A0133936650
:10B310008022C9094000064B401840010021C01896
:10B32000120102F031FB03B000BDC04600201150F5
:10B330002C1F00207F22130010B50B400A4200D1C1
:10B3400010BDC9095B005B1804485B01C0180023ED
:10B3500000220349C37002F017FBF1E72C1F002005
:10B36000FFF7FFFF80220A4B520410B51A60094B09
:10B3700009491A6010000B689843FBD18022002114
:10B3800052010648FDF744FC0922054B5A6710BDDF
:10B3900000E0004000F0004008C0004000001050F5
:10B3A00000001150002310B5C382013382828376DE
:10B3B0000161040002F0B0FA002804D0802190233B
:10B3C000074A8902D150200002F0D6FA002802D0A4
:10B3D0000123237710BD200002F0C6FAFAE7C04629
:10B3E000002011507047C0467047C046002070478B
:10B3F000002070477047C0467047C0467047C0463F
:10B400007047C046024B5878431E9841C0B27047FF
:10B410009C160020024B18784007C00F7047C046AA
:10B420009C160020F0B5D6464F464646C0B52F4B79
:10B4300007009A461B780E00FF2B50D1002941D0FF
:10B44000002154222A48FDF7E3FB0022294C2A4B15
:10B4500020001A70FAF7C4FE284B1C60284C20000C
:10B46000143CFAF7CBFE200001F0FAFD254B264DE7
:10B470001C60264B002B04D02800FFF7C7FA244B92
:10B4800018602449002489462149002388462A78E7
:10B4900010E043461B6862019B18002B12D05B68CA
:10B4A000002B0FD098472A780134E4B2511C2300B6
:10B4B000A14209DBA242ECD89B1A5B014B445B68BA
:10B4C000002BEFD100200BE05346310038001F70F5
:10B4D000FFF7FEFD0028F5D03800FFF741FE012000
:10B4E000E0BCBA46B146A846F0BDC046B410002044
:10B4F0009C160020941600207D2E0020F0160020BF
:10B50000AC100020F4160020752E00200DAA0010AB
:10B5100058140020FCE50010F0B5DE4657464E46B4
:10B520004546E0B5C84B91B002931B78FF2B00D184
:10B530003EE1C64BC64E9B465F46C64B0DAC0193E3
:10B54000C54B009335686A69EFF3108172B61368D2
:10B55000002BFCD0BFF35F8FA9612800210001F010
:10B56000AFFB6A69AB69BFF35F8F0021116083F3A2
:10B570001088002800D11BE16378082BE2D89B00DB
:10B58000FB589F466368002BDCD0A0689847D9E73A
:10B590007F222179AF4D0A405300EB189846C80925
:10B5A000804440460123303005799D43057105797B
:10B5B00003339D430571002A00D100E14346A74AA9
:10B5C0001B7D1278934200D3EFE0A54A5B0115681A
:10B5D000ED18002D00D1EBE0A36862792078AD6909
:10B5E000A847AFE79F4A1378002B00D1E0E013781B
:10B5F000013BDBB213701378002BA3D10122954DD0
:10B6000001212B78042013432B703423EA5C8A43F6
:10B61000EA54EA5C8243EA540133EA5C8A43EA541E
:10B62000EA5C8243EA54237800209B4600F09EFCAB
:10B63000602223791A40602A00D1EFE0402A00D12D
:10B64000F5E0DB06DB0E012B00D113E1022B00D16C
:10B65000C7E0002B00D0E1E0202A00D11CE2002A44
:10B6600000D0DBE06379092B00D9D7E07E4A9B004C
:10B67000D3589F46774D2B78DB0700D462E7FFF75E
:10B68000BFFE5FE7019BDB78DB0700D45AE7606809
:10B69000FFF7AAFE56E76F4D2B78DB0700D451E782
:10B6A00028780007C00FFFF7A9FE4BE723786A4907
:10B6B00099468B46694B6A4998468A4639001A78FA
:10B6C00047460023B04600254E46894610E05346C3
:10B6D0001B686A019B18002B00D176E0DB68300004
:10B6E00098473A780135EDB2511C2B008D4244DC6D
:10B6F0009542ECD39B1A5B015B44EFE723785849F2
:10B700009946564B8A4698463100BB464E461A78B3
:10B7100000250023474689460FE053461B686A010F
:10B720009B18002B55D0DB68300098473A780135DC
:10B73000EDB2511C2B008D4207DC9542EDD39B1AD4
:10B74000009A5B0194466344EDE7019D5422002179
:10B750002800FDF75DFA1022FF214448FDF758FA52
:10B7600028002022FF2114304E465F46FDF750FA94
:10B7700000F0F2FBFFF740FEE4E6364D54220021D4
:10B780002800FDF745FA1022FF21281DFDF740FA99
:10B7900028002022FF21143046464F46FDF738FA94
:10B7A00000F0DAFB2379AB70CCE6501C984213DA38
:10B7B00011B0F0BCBB46B246A946A046F0BDA36896
:10B7C0006279207800F0E6FBBCE646464F46214D04
:10B7D000E6E74E465F46CBE71F4D9B1A5B015D19BE
:10B7E000FAE67023217A0B4218D1C80982460F333A
:10B7F0000B405B0098461948EB1853441B7D0078BA
:10B800009946834266D216485B0100688146994496
:10B81000002A00D15FE14B46002B68D1207800213F
:10B82000FFF76AFD80212078FFF766FD8AE6104861
:10B8300000F09CFB012158460EAAFFF7CDF8002826
:10B8400000D07FE6EAE7C046B410002054E50010BF
:10B85000F41600209C160020FCE50010752E002038
:10B86000581400207D2E002078E50010A01600203E
:10B87000D9A90010237A0F2BD0D8CF4AEB181B7907
:10B880001578AB423ED3691C9942C7DB5D1BCB4B9D
:10B890006D01ED18686900F069FB012158466B697C
:10B8A0000EAA9847002800D04CE6602215002379A4
:10B8B0001D401A42B2D163790A3B012BAED800F089
:10B8C00055FB63790A2B00D199E158460EA900F087
:10B8D000D9FA37E6431C4B4500DAF7E04B461B1A12
:10B8E0005B019946B5488144002A00D1F3E04B46FC
:10B8F000586900F03BFB4B46012158465B690EAA94
:10B9000098479CE7AE4A5B011568ED18002DC1D140
:10B9100084E7A37999466B789945D6D06B78002B4C
:10B9200000D033E14B466B70002B00D12BE1484631
:10B930000138C0B2FFF792FA002800D17EE14378C7
:10B940000793022B00D079E10122C179B1468B1116
:10B95000491113400A40302112015B0113432A7838
:10B96000A8468A4313432B7009239A4682445646BD
:10B97000BA46C37882781B021343C31805938E4BD3
:10B9800004938E4B08938E4B09938E4B0A93059B21
:10B99000B34200D855E1737801220B2B03D13378E1
:10B9A000F278F6187378042B00D044E1059B002749
:10B9B0009B1B9BB20693049B0B921D780023039361
:10B9C0001BE0099A7B011568ED18002D00D132E1CA
:10B9D000310058462B69069A98478446082803D9AF
:10B9E000069A824200D313E1049B01371D78FFB20F
:10B9F0006B1C03979F4200DD1DE1BD42E1D8039B14
:10BA00005D1B089B6D019C466544E1E76B780CAAC1
:10BA100002321370584601230EA900F049FA91E54D
:10BA2000E3881A0AD8B20F2A00D9F7E666499300CC
:10BA3000CB589F460EA800F09FFA5846A179FFF711
:10BA400095FB02222B7813432B707BE5E388012BB7
:10BA500000D0E3E608222B78584693430EA92B70BA
:10BA600000F010FA6EE5022029780CAB9A1C8B06C8
:10BA70008908DB0F01400B431380584602230EA9AF
:10BA800000F016FA5EE5E388012B00D0C6E6082236
:10BA90002B7813432B7018E7237A0F2B00D9BDE6C0
:10BAA000EB181D79444B1B789D4228D2444B6D0105
:10BAB0001B685D19002D00D1B0E6686900F056FAE8
:10BAC000012158466B690EAA9847B8E6002A00D0B3
:10BAD000A4E600239946627902201300039283436F
:10BAE000012B15D0002A00D098E62B004344534484
:10BAF00030331B790CAA9B07DB0F0232BCE75A1CC0
:10BB0000AA4200DA8AE6ED1A2C4B6D01ED18D4E753
:10BB1000E388002B12D1029B1878039B012B23D0C2
:10BB2000FFF7EAFB43460221EB18534430331A79FE
:10BB30000A4301211A711A790A431A714B46002BE4
:10BB400000D1FFE4586900F011FA4B4601215B690E
:10BB50000EAA58469847002000F008FA3523EB5CFF
:10BB6000DB0700D5EEE4B0E6FFF7E4FB4346022135
:10BB7000EB18534430331A798A431A711A790399AE
:10BB80008A431A71DAE7FFF737FC9EE60021584630
:10BB9000FFF7F6FA5846FFF799FBAB78074903938E
:10BBA0000491054B064998461A780591002329000F
:10BBB0001D008A461BE0C046752E0020FCE50010E3
:10BBC00058140020B0160020A0E50010059B6A0163
:10BBD0001B689B18002B4DD0DB685846984743469E
:10BBE0001A780135EDB2511C2B008D422EDC9542A6
:10BBF000ECD39B1A049A5B0194466344ECE70CABCC
:10BC00009A1C584601230EA9157000F051F999E4C9
:10BC10000B9A012A4FD0002A3CD00023B07804E0D0
:10BC20000133DBB20F71934234D2C118C9B241441F
:10BC30000D79FF2DF4D04E464546574600236B70D4
:10BC4000ECE54E465746FFF7D5FB3EE655465422F7
:10BC500000212800FCF7DCFF1022FF21281DFCF743
:10BC6000D7FF28002022FF211430FCF7D1FF039BCF
:10BC7000AB7057E65546FAE7FEF7AAFE021E00D162
:10BC8000CCE5D37891781B020B4358460EA900F0FF
:10BC90000FF9D4E565463B002A0031000A9800F010
:10BCA0007FFEAC46049B039A1B78664401339342A3
:10BCB00000DB6CE6BFE7174B29699942ADD1079AC3
:10BCC000ABE7FFF793FB021E00D1A7E558461378B8
:10BCD0000EA900F0EDF8B2E52189FFF7C3F8021EC6
:10BCE000F4D19BE5022A0FD0FFF782FB021EC8D1D8
:10BCF00094E5FFF7AFF8021E00D18FE512235846F6
:10BD00000EA900F0D5F89AE5FFF7A8F8021EB8D101
:10BD100084E5C04669C30010F8B557464E46DE4676
:10BD200045460C00E0B516001F00002A3CD07023E9
:10BD300098461E4B00259B461D4B9A461AE05B46D3
:10BD40001B78200099465346997800F0EBFD0028B7
:10BD50001CD021004846FFF72FFA002816D0A37800
:10BD6000DA09012A19D00A9A013513702378E418E8
:10BD7000B54219DA6378052B08D1E3789B079B0F4E
:10BD8000BB4203D14246A3781A42D8D00020F0BC6F
:10BD9000BB46B246A946A046F8BD0B9A01351370C2
:10BDA0002378E418B542E5DB0120F0E7B410002069
:10BDB0009C160020702270B58B780C001A4201D0BE
:10BDC000002070BD064B20001D78064B997800F0CE
:10BDD000A9FD0028F4D021002800FFF7EDF9F0E7D5
:10BDE000B41000209C1600200B007F2010B51840D6
:10BDF000DB0934334000044AC018044B1168C018F2
:10BE000000F04CFD10BDC046F01600209C1600202E
:10BE10000B007F2010B51840DB0934334000044A82
:10BE2000C018044B1168C01800F060FD10BDC0467A
:10BE3000F01600209C16002070B57F240F480C409F
:10BE400064000419CD09641930342079C00701D584
:10BE5000002070BD012625790948354300782571F9
:10BE6000FFF738FA0028F4D1012223799343237194
:10BE70002379033293432371EAE7C0469C160020DE
:10BE8000B410002070B5094C0600082220000D00F7
:10BE9000FCF7C4FE00238021E360A3602B78300010
:10BEA000994300220023FFF7C7FF70BDE81500206B
:10BEB000F8B5CE4647469046254E80B581460822C5
:10BEC00030000D001F00FCF7A9FE4346B3600023BD
:10BED000F381EC79AB7924021C43231CBC4200D9CA
:10BEE0003B1C9FB2B381002C0DD0002F17D04246CF
:10BEF000002A2BD0402F1BD89FB233787F2B1CD821
:10BF00000021144A0FE080212B78002299434846F3
:10BF10000023FFF791FFC0BCB946B046F8BD7F23B0
:10BF20000022317899433B004846FFF785FFF2E74E
:10BF300040239FB233787F2BE2D9064C3A0041462A
:10BF40002000FCF76BFE80212200ECE70020E2E7F6
:10BF5000E8150020A815002010B514220021024881
:10BF6000FCF756FE10BDC046E8150020014B1861D5
:10BF70007047C046E815002010B5054C01000822A6
:10BF80002000FCF74BFE0023A360E36010BDC04619
:10BF9000E815002070B5384C1D0023780600DA093A
:10BFA000C9098A4210D00020002D00D070BD2100A8
:10BFB0003000FFF7F3F82369002B03D022000321A0
:10BFC000300098470120F1E77F2B06D8A0680028B1
:10BFD00034D02A002949FCF721FEE289A1685219D0
:10BFE000E38892B24919E281A160934214D03F2DB7
:10BFF00012D9A389981A051C80B240282AD8207823
:10C00000ADB27F2828D800219A4232D01B4A2B009B
:10C010003000FFF711FFC9E72369002B05D022008C
:10C0200002213000984700280AD08021237800227E
:10C03000994330000023FFF7FFFEB7E70020B5E784
:10C0400000213000FFF758F930008021FFF754F944
:10C050000120ABE74025D2E79A4207D0074C2A00DF
:10C060002000FCF7DBFD80212200D0E780210022A8
:10C07000CDE70022CBE7C046E8150020A815002038
:10C0800070B50400FFF7BEF9002800D170BDFFF7BE
:10C09000C1F90028FAD1C8236343124DEE18F17894
:10C0A0000029F3D010335D19280000F0F3FD3F287C
:10C0B000ECD90020F178FFF797FE0028E6D02800A1
:10C0C00000F0E8FDF1783F2807D9074BE201D218CC
:10C0D00000204023FFF7B0FED8E70020FFF798FECE
:10C0E000D4E7C046E01400205C14002010B5040022
:10C0F000FFF788F9002801D1002010BDFFF78AF969
:10C100000028F9D1C8226243024B01309B181B79E9
:10C110001840F2E7E0140020C82310B5434302485A
:10C12000181800F099FD10BDF0140020F8B5C824CF
:10C13000802344431C4F103405003C195B029A4293
:10C1400000D31A4A200092B200F008FE0600FFF762
:10C1500059F9002801D13000F8BDFFF75BF900283C
:10C16000F9D1C8236B43FF18FB78002BF3D02000D4
:10C1700000F090FD3F28EED90020F978FFF734FE5B
:10C180000028E8D0200000F085FDF9783F2807D985
:10C19000074BEA01D21800204023FFF74DFEDAE7F3
:10C1A0000020FFF735FED6E7E0140020FFFF000077
:10C1B0005C140020F8B50400FFF724F9002801D131
:10C1C0000020F8BDFFF726F90028F9D1C8256543FE
:10C1D0002E00134F2436F619300000F03DFD0028E4
:10C1E000EED07F190020B978FFF7FEFD0028E7D0D8
:10C1F0000C4DE401651929004022300000F0AEFD2D
:10C20000B978041E08D003002A000020FFF714FEAE
:10C210000028D5D02000D4E70020FFF7F9FDCFE7B4
:10C22000E01400209C14002070B5C82444430C4B3B
:10C230000500E41880235B029A4200D3094A2000DB
:10C2400092B200F051FE0600200000F005FD3F28EC
:10C2500001D8300070BD2800FFF7ACFFF9E7C046F9
:10C2600004150020FFFF0000C82310B54343024817
:10C27000181800F00FFD10BD04150020F0B50025C2
:10C28000184C83B0C82200212000FCF7C1FC164BDB
:10C2900021001D70FF236371E1235B02A360200076
:10C2A00008234022A37338310095073B103000F07B
:10C2B0009DFC270001232100200026004022783128
:10C2C0000093B837243000F091FCC0363800F9F7FD
:10C2D00087FF3000F9F784FFE56127622663656315
:10C2E00003B0F0BDE0140020DC1400200A4A116BFA
:10C2F000136A00290CD0002B07D00023D3615363AD
:10C300001363002313620120704753631363FAE73A
:10C31000002BF8D0D161F4E7E014002070B50F4C89
:10C32000052200212000FCF773FC0D4D2B78DA0765
:10C3300007D50C4C9B070CD50121200000F0B0FE66
:10C3400070BD2000103000F08BFE2B78054C9B0751
:10C35000F2D4200000F084FEEEE7C046E014002096
:10C36000DC14002004150020F0B54B79060083B0E2
:10C37000022B02D18B79022B03D00025280003B0B9
:10C38000F0BD204FBB78002BF7D18B7809253B708F
:10C390000C780C196378242B07D00CE02378E41870
:10C3A0005D196378ADB2242B05D19542F6D90020F2
:10C3B000FFF766FEE2E71A00052B15D0042AF6D136
:10C3C00063790A2BF3D1104B277801930133009343
:10C3D00030000223E119023AFFF79EFC0028CCD07E
:10C3E0000E35ED19ADB2E2E721003000FFF7E2FCB7
:10C3F0000028C2D0A3787B7023785D19E418627896
:10C40000ADB2DBE7E0140020E2140020F8B56023B1
:10C4100014001278050013400020202B07D1304A69
:10C420006379277916781B023B439E4200D0F8BD02
:10C430006378222B1AD007D8202B34D0212BF6D1A9
:10C4400001293ED00120F2E7232BF0D1012940D071
:10C450000329F7D1234B002BF4D0E178A37809020C
:10C460000020194300E000BF0120E0E7012930D09F
:10C470000329E7D101252E00A378E47802392402AC
:10C480001C431471264024321000714000F008FE55
:10C49000154B002BD6D06208002031002A4000E066
:10C4A00000BF0120C3E701290BD00329CAD10F4BDC
:10C4B000002BC7D0083200201100FEF7ADFA012092
:10C4C000B5E7072321002800094AFFF7F1FC012006
:10C4D000ADE721002800FFF7D5FC0120A7E7C04603
:10C4E000E0140020000000000000000019AA001065
:10C4F000E8140020F0B54F464646D646C0B5364D46
:10C500008046EA780C001F008A423CD0AB788B4210
:10C5100010D00020E0BCBA46B146A846F0BD2F4B73
:10C52000002B04D02E4800F0ADFB002851D0002095
:10C53000FFF7A6FDAB78A34201D00120EAE7294B23
:10C54000002B02D0002000E000BF0020FFF732FEE9
:10C550000028F2D1244C200000F07EFB0028ECD112
:10C56000002FEAD0BF06E8D1243C4046A178FFF76F
:10C570003BFC0028E1D0002300224046A178FFF7D1
:10C580005BFC0120C6E79AB210239A46174EAA44D4
:10C590003100504600F0A8FC154B002BBFD06B7942
:10C5A000FF2BBCD0002FBAD0F219914603E0013620
:10C5B0004E45B4D06B7932789A42F8D1504600F0AB
:10C5C00061FB0028F3D15346103B597900E000BFCE
:10C5D000EDE700E000BFAAE7E01400200000000043
:10C5E000F014002000000000041500205C1400205E
:10C5F000000000009322F0B5134C85B0002120000C
:10C600009200FCF705FB23002000802640270F4DF9
:10C610004D337600FF33293002950093002200232A
:10C62000002103970196FF3000F0D4F94035201D1A
:10C6300028340023012200210397029501960094DB
:10C6400000F0C8F905B0F0BD40180020C017002068
:10C6500010B5054C200000F0F3F920002538FF3814
:10C6600000F0EEF9012010BD6819002070B5084CEB
:10C67000002520003130FF30257000F0F1FC200053
:10C680000C3000F0EDFC2A23FF33E554657170BDDA
:10C6900040180020F8B557464546DE464E46E0B500
:10C6A0004B7980460F00FF2B5BD1404B99462A23E4
:10C6B0004946FF33CB5C002B53D14E79002E50D12D
:10C6C000BB783C780B703B793C19002B46D0982303
:10C6D0005B004B449A460C234B449B46A51803E051
:10C6E000AC423BD22378E4186378052BF8D1AC42F6
:10C6F00034D221004046FFF75DFB002831D0A378FB
:10C700000136F6B2DB09012B32D0504600F0A8FC0E
:10C710002A234946A278FF33CA54637922791B023F
:10C720001343234A5B0594465B0D942163445A42AC
:10C7300053414A4602204900525C5B008243134346
:10C740004A46535451464046083900F0E3F9002860
:10C7500007D02378E4183B79B342C5D8E01B80B2F8
:10C7600000E00020F0BCBB46B246A946A046F8BD9A
:10C77000584600F075FC5A46A3780C3A5371637919
:10C7800021791B020B430A495B058C465B0D634410
:10C7900059424B41022011795B0081430B435946BA
:10C7A00000200839137100F081F9D2E74018002009
:10C7B00000FEFFFFF8B52A2506001F48FF35455D3E
:10C7C0001F008D4215D043798B4201D00020F8BD67
:10C7D0001A4B002B04D039040020090C00E000BFE4
:10C7E000174C3000210000F061F900281DD0012015
:10C7F000EDE79A235B00C35A002B0DD1114B002BA0
:10C8000004D000201049BAB200E000BF30000F4948
:10C8100000F080F90120DAE796235B00C15831303F
:10C82000BAB2FF3000F060FBE8E73A0021003000C8
:10C8300000F008F90120CAE74018002000000000BD
:10C840004418002000000000C017002068190020D4
:10C8500000B5030083B0002910D00020012B07D8B9
:10C860000A78002A04D00C48C2540120012A01D0C1
:10C8700003B000BD1800FEF7D5FDF9E701236A46B5
:10C88000002001A99380FEF7CDFD0028F0D0012201
:10C89000014B1A70ECE7C04690160020037870B583
:10C8A000DB0704000E00DD0F002B17D103785B07B8
:10C8B00001D5280070BD01213000494201F044F843
:10C8C0002378DB07DD0F002B0AD123785B0708D420
:10C8D0000422237801251343237002E00025E8E7B2
:10C8E0000025300001F000F8E3E7C04670B50C0009
:10C8F000012106004942200001F026F833785B0749
:10C90000DD0F002B04DB200000F0EEFF280070BDDF
:10C910003378DB0704D40422337893433370F2E78F
:10C920000025F0E7437902791B021343C2785B05C7
:10C9300092075B0D920F022A1DD0032A0CD0002013
:10C94000012A08D102394A425141124A94466144AF
:10C9500099424041C0B2704702394A1E91410E4A85
:10C96000494211408022D2009446002061449942FD
:10C970004041C0B2EFE7022905D0002040229A4290
:10C980004041C0B2E7E7054A981843425841C0B257
:10C99000E1E7C046FF03000040FCFFFF00FEFFFF91
:10C9A0008A1870B5914207D27F264C78052C04D0A6
:10C9B0000C7809198A42F8D870BD34008D782C4063
:10C9C00064000419ED0963550C7809198A42ECD802
:10C9D000F2E7C046F0B5C64600B582B0150008AA19
:10C9E00040CA040017886A46928D012090460A00CA
:10C9F0002178024081432000114321703A000093C6
:10CA000031000123083000F0F1F8002E01D0002F92
:10CA100008D10A9B012063604346638002B080BC5A
:10CA2000B846F0BD26001C363000F9F7D9FB0023CC
:10CA3000002D01D0330000266361A661E9E7C046FE
:10CA400001207047F8B502240B7807001C406342B0
:10CA50005C41144B64421C40134B08009C46083058
:10CA60000D001600644400F0F7F8002807D1002EEE
:10CA700005D0344203D101242B781C4201D0002080
:10CA8000F8BD38006978FFF7AFF90028F7D02B78A8
:10CA90001C42F4D10023002238006978FFF7CCF95A
:10CAA000EEE7C04640FEFFFFFF010000F8B50D00B5
:10CAB0000835060028000C0000F0CEF8002803D04E
:10CAC000012723781F4201D00020F8BD3000617893
:10CAD000FFF78AF90028F7D028006288616800F023
:10CAE0003DF9237805001F4000280BD0002FEBD123
:10CAF0000300626830006178FFF79EF90028E3D0F8
:10CB00002800E2E7002FDFD130006178FFF780F9DD
:10CB1000DAE7C046F8B5CE46474680B58A890600B2
:10CB20000C000B78002A07D101251D4240D00020BF
:10CB3000C0BCB946B046F8BD9B0733D42A4B40254C
:10CB4000994627000837380000F0A4F88542EED84F
:10CB50000122237890461A42E9D130006178FFF72C
:10CB600043F90028E3D0380000F094F842462378D7
:10CB70001A40854231D8002AD9D14A4663880240FA
:10CB80001D1C934200D9151CADB200226178002D06
:10CB900000D062682B003000FFF74EF90028C6D0A5
:10CBA0002800C5E7FE2380251B029946AD00C8E793
:10CBB0004978FFF719F90028B9D023781D42B6D17A
:10CBC000638800226178002B00D062683000FFF794
:10CBD00033F90028ABD06088AAE7002AA7D130003B
:10CBE0006178FFF715F9A2E7C0FF0000F0B5C6466F
:10CBF00000B504006846057E8020884617001E00A8
:10CC00000002824226D8E068002803D00121494270
:10CC100000F09AFE2069002803D00121494200F06B
:10CC200093FE4346236073045B0CED031D43002316
:10CC3000E0686381A780E5802381002801D000F0AF
:10CC400053FE2069002801D000F04EFE012080BC78
:10CC5000B846F0BD0020FAE710B504894189828802
:10CC6000A3B288B28C4207D31B1A9BB2101C9A4203
:10CC700000D9181C80B210BD5100091A5B189BB274
:10CC8000F4E7C04603894089181A43425841C0B2AC
:10CC90007047C04610B5048941898288A3B288B222
:10CCA0008C4207D31B1A9BB200209A4201D9D21A98
:10CCB00090B210BD5100091A5B189BB2F4E7C04650
:10CCC00070B5040000690E00002803D0012149421C
:10CCD00000F03AFE25896089A288A9B283B2854214
:10CCE00032D3CD1AADB2002D28D0AA4208D291423B
:10CCF0002FD3891A8BB263819A4203D89B1A9BB2B5
:10CD00009A42FBD9E28821685204520C5343300006
:10CD1000C918FBF783FF63890125591C89B2A288D2
:10CD20008B420DD900215200891A89B22069618194
:10CD3000002801D000F0D8FD280070BD618989B2BB
:10CD400052009142F2DBEFE75500ED1A4D19ADB2FA
:10CD5000C9E789188BB26381CEE7C046F0B5464675
:10CD60004F46D646C0B50600006989469046002861
:10CD700003D00121494200F0E7FD31897289B5886D
:10CD80008BB294B2914254D31F1BBFB2002F4AD032
:10CD9000BD4205D2AB4251D25B199CB22F007481C7
:10CDA0004346B8453DD89FB2A54203D8641BA4B200
:10CDB000A542FBD9F28831685204520C9046624376
:10CDC0002B1B9BB2891842469F4225D953439BB2E5
:10CDD0001A0048469A46FBF721FF434648467D1B0A
:10CDE00064195C4331685044A2B2FBF717FF7189A4
:10CDF000B588CB199BB26A00994216D99B1A9BB28F
:10CE000030697381002801D000F06EFD3800E0BC6D
:10CE1000BA46B146A846F0BD48467A43FBF7FEFE47
:10CE2000E5E73B1CBFE773899BB26A009342E7DBEF
:10CE3000E4E76F003F1BDF19BFB2A7E75B1B9CB2A3
:10CE4000ACE7C046F8B50400C0680E00002803D067
:10CE50000121494200F078FD258920896189A28855
:10CE6000ADB283B28FB2884229D3DB1B9BB29A4208
:10CE700009D8E779FF0906D1E068002801D000F061
:10CE800033FD3800F8BD2B0095421DD39B1A9BB291
:10CE90009342FBD2E28820685204520C5343310083
:10CEA000C018FBF7BBFE6B1C9BB2A2889D4217D932
:10CEB000002352009B1A9BB201272381DCE751001B
:10CEC000C91B5B189BB2D2E7E28820685204520C5F
:10CED00053433100C018FBF7A1FE0135A288ABB265
:10CEE00052009342E8DBE5E7F0B54E465746DE4692
:10CEF0004546E0B589460600170083B0002A67D092
:10CF0000C068002803D00121494200F01DFD33898B
:10CF1000F2799BB298467389B5889BB2D20940D109
:10CF200098455ED26A00D31A43449BB2AB425DD2AD
:10CF3000EB1A1A1C9BB2BB4200D93A1C97B27B1B5E
:10CF40009BB20193F3885B045B0C9A464346DB1962
:10CF50009BB29B464446A84503D3641BA4B2AC4293
:10CF6000FBD25346634330682D1BADB2C018BD429F
:10CF70004BD3524649467A43FBF750FEB3885B00D9
:10CF8000D84501D89B4503DB5A46D31A9BB29B4632
:10CF90005B463D003381F06800281AD000F0A4FC05
:10CFA00017E0F2885204520C9246AF4220D29845C4
:10CFB0004DD34246D21A92B26900781B80B2D21980
:10CFC00001908A4233DA4346FB189BB29B46C1E785
:10CFD0000025280003B0F0BCBB46B246A946A046D7
:10CFE000F0BD4246D31A9BB2AB42A1D30025D2E793
:10CFF000002DD0D07F1B574398465A19002392B278
:10D00000B94493462F000193A4E753465D43ADB264
:10D010002A004946FBF702FE019B2900E21853460D
:10D020005A43306892B24944FBF7F8FDA6E75A1913
:10D0300092B29346D21B92B2904693420CD9434689
:10D04000591A8BB29846FB189BB29B4682E769003F
:10D05000CA1A424492B2B0E7914200DD7AE7EEE7A5
:10D0600010B50400C068002803D00121494200F037
:10D070006BFC2069002803D00121494200F064FCC8
:10D080000023E06863812381002801D000F02CFC9C
:10D090002069002801D000F027FC012010BDC04607
:10D0A00070B50400C0680D00002803D0012149427A
:10D0B00000F04AFC2069002803D00121494200F019
:10D0C00043FC7F21E379ED011940E0682943E171D8
:10D0D000002801D000F008FC2069002801D000F0F1
:10D0E00003FC012070BDC04610B50A4B0A4AC418A3
:10D0F000240DA40082B0009208482200E31CF8F737
:10D1000007FD844202DC001B02B010BD012040423A
:10D11000FAE7C0460000E0AF0CDF0010BC1C0020A6
:10D12000F0B557464546DE464E468846E0B583B0E4
:10D1300006000525F8F7B4FC434684465D57187988
:10D14000334B344AF3181B0D9B009246D7580122EB
:10D1500020248240241A013A002D41DBA54232DC12
:10D160001100A9400F422ED1414609688946414627
:10D170008979002945D12C00AA40934659463A4066
:10D18000394241D1802189018846002816D0614664
:10D19000A44634004E469946030001915100705A4E
:10D1A000404500D24019A9181231890001320851B6
:10D1B0009A42F3D3019B64469C464B465A4617431A
:10D1C0005246D75001E0012464426046F8F774FCEF
:10D1D000200003B0F0BCBB46B246A946A046F0BD55
:10D1E000002C02DA10E0013C0ED31100A140250012
:10D1F0000F42F8D14146096889464146897900299C
:10D20000BAD014246442E0E709246442DDE7C04652
:10D210000000E0AFB8170020F0B54E464546DE46A8
:10D220005746E0B583B089460CA984460D781F2A7D
:10D2300045D84946490088464944C9004618370040
:10D240003400DC373868CC348346206831000190E4
:10D250001C4880248246A40251440C6069424D411E
:10D260001E216D428D4318498A465544052B0CD921
:10D27000A0201F214005D836540104430532053B48
:10D280003C600A403560052BF6D852019B061343DB
:10D2900042464A44D20062441000DC32136003006C
:10D2A000D8331D605B461360019BCC3003600020C7
:10D2B00003B0F0BCBB46B246A946A046F0BD05206F
:10D2C0004042F5E7CC3000009FE00000F0B50125BA
:10D2D0008D400468AC430460002B2ED04D006C18C8
:10D2E000E400041926001F68C83637609F680436BA
:10D2F00077605F68DB68DC34376023606B18184D3B
:10D30000DB00AC468025C41864442D0625602560EA
:10D31000144C0D1D8C40846001242600AE408025F5
:10D3200008318C401F21AD014519C0180A40D83082
:10D330002E602C6002600020F0BD4D006C18E400EF
:10D34000041926008027C8367F023760C0273F03B4
:10D35000B760F82704367F02DC3437602360CDE7FE
:10D36000D010000001010101F0B54E465746454678
:10D37000DE46E0B583B09A460CAB1B780192009371
:10D380000E9B026899460023D36601335160D36631
:10D39000534605000D9E002B60DD01235B42534484
:10D3A0009B460024002E03D001214846B0472A683E
:10D3B00080235B009C461300516F1029FCD0002194
:10D3C000002C01D129798902A34541D0604601434F
:10D3D0001161002E27D080224027904608E00021CE
:10D3E0004846B04700283BD12B689A6F002A13D1DA
:10D3F00042469A585A6B1742F1D0002148465B6D5D
:10D40000B047C4432000009B2B7103B0F0BCBB4667
:10D41000B246A946A046F0BD1B69019A13550134D6
:10D420005445C1D1EEE780274021D359536B1942AF
:10D4300003D00124536D6442E4E7936F002BF4D0D2
:10D440001369019A135501345445DBD02A68B2E7B9
:10D450000127009847407F023943B7E70024D1E70E
:10D4600002246442CEE7C046F0B5DE4657464E463B
:10D470004546E0B5070083B00CA801920278002071
:10D480003C689B46E066616001219146E166002BA5
:10D4900034DD5A1E90468022520094468026402554
:10D4A000616F1029FCD00021002801D1397989024F
:10D4B00040451DD0624611432161A159616B0D4267
:10D4C0000BD00120636D40424B463B7103B0F0BC72
:10D4D000BB46B246A946A046F0BDA16F0029ECD0DC
:10D4E0002169019B195401308345EDD03C68D7E791
:10D4F0004B4601225A4053021943DBE70020E3E781
:10D50000F0B5DE4657464E46454690460022E0B509
:10D5100085B01E000EAB1B7807009B460368DA66D9
:10D5200001325960DA66002E60DD027959469202B6
:10D53000924601224A4052029446802291465A461F
:10D54000802403926246BB46002010214746B44621
:10D55000751EA4000192421B160072427241019E88
:10D560005242164002963E5CB0465646424616432C
:10D570003200029E16431E61019E5A6B1142FCD07E
:10D580004A469A5801969246002A0AD1A84228D0C3
:10D590000022013092468445DDD1039B5F469B46C5
:10D5A00016E05A6D012290465A6B2242FCD01A6E48
:10D5B00042460196002AEBD0039B5F469B465346AA
:10D5C000002B15D05346DB0712D453461B070FD54B
:10D5D0005B463B7105B0F0BCBB46B246A946A046CF
:10D5E000F0BD039A002AD3D19046DDE70020EFE793
:10D5F00001204042ECE7C046F8B5DE4657464E46AD
:10D6000045468346E0B505200C00F9F767FD0600A6
:10D61000600821008019F9F7BBFF43009846804459
:10D62000070005214046F9F7B3FF3B1A9A461E4B07
:10D630008146700080199C4231D81C49F9F7A8FF37
:10D64000451C5B461C680023E366226804335A408D
:10D650000233134080225201A21813605346E36143
:10D660004B462362434601204F2B03D950214046AD
:10D67000F9F78EFFA023E050E36F39005D400C4BBB
:10D680002D042D0CE3181D6001233000E366F9F72B
:10D690007FFFF0BCBB46B246A946A046F8BD05498F
:10D6A000F9F776FF451CCCE73F420F0080969800C3
:10D6B0007C10000040787D010F4A70B5821A531E1D
:10D6C0009A410E4BD20008321A600D4B0D4C1A6075
:10D6D000150023689D432B1EFAD166240268FF348F
:10D6E0000571D5661460633C8833FF3CD563956350
:10D6F000D450FFF781FF70BDB810002000E000405B
:10D7000000F0004008C0004010B582B06C46247C98
:10D710000094FFF7F5FE02B010BDC04610B582B010
:10D720006C46247C0094FFF79FFE02B010BDC046FB
:10D73000F0B5CE46474680B589B01F0010AB1B78C8
:10D740000400994604AB98461600129A139B404673
:10D750000D00F9F78FFA434602934B460190009370
:10D7600032003B0029002000FFF7FEFD09B0C0BCDD
:10D77000B946B046F0BDC04601230121084A1360F6
:10D78000084A1360084A080013689843FBD1074A07
:10D7900011608021490013680B42FCD07047C046DD
:10D7A00000E0004000F0004008C0004000C004401D
:10D7B000F0B5CE46474680B588420DD98B189842C1
:10D7C0000AD2531E002A03D0CA5CC254013BFBD2CA
:10D7D000C0BCB946B046F0BD0F2A0BD80500561E96
:10D7E000002AF5D00023CC5C1A00EC540133964299
:10D7F000F9D1EDE703000B4388469B0734D110268F
:10D800001700B1460C000300103F3F093F01C51946
:10D81000A94426681E6066685E60A6689E60E66829
:10D820001034DE601E001033AE42F2D1CF19390041
:10D830000F230C2610318C461340164217D0444655
:10D84000043B9B089B00FF181437061B0C688D19BE
:10D8500004312C60B942F9D16146043359184B4464
:10D860001D0003231A40BAE70500561EBAE74D46CD
:10D870001A00B4E710B583070AD00300032102E0C1
:10D8800001330B4205D01A78002AF9D1181A10BDBD
:10D89000030019680C4A0D4C8A188A4322420FD1A2
:10D8A0005968094A04338A188A43224208D15968C0
:10D8B000054A04338A188A432242F1D000E001333A
:10D8C0001A78002AFBD1E1E7FFFEFEFE808080800F
:10D8D000F8B5C0460000000001B40248844601BC0F
:10D8E000604700BF0103002001B40248844601BC28
:10D8F000604700BF2502002001B40248844601BCF5
:10D90000604700BF5D0F002001B40248844601BC9F
:10D91000604700BF3D04002001B40248844601BCBA
:10D92000604700BF190C002001B40248844601BCC6
:10D93000604700BF5D0F002001B40248844601BC6F
:10D94000604700BFC100002001B40248844601BC0A
:10D95000604700BF9901002001B40248844601BC21
:10D96000604700BF0101002001B40248844601BCA9
:10D97000604700BFD10C002001B40248844601BCBE
:10D98000604700BF410C002001B40248844601BC3E
:10D99000604700BF810C0020217300104D73001000
:10D9A00031750010018C00101D7C0010DD87001007
:10D9B0005974001069730010897300109D73001072
:10D9C00091610010A57300105D650010E9720010F0
:0CD9D000F15B0010DDAE0010B102001091
:10D9E000636F6E666967757265206661696C6564F0
:10D9F0000000000072617465206F7574206F6620EE
:10DA000072616E67650000006E6F7420612073693B
:10DA10006E676C652D70696E20706F727400000007
:10DA200070756C73652074696D656F7574000000A6
:10DA300050434139363835206E6F7420666F756EED
:10DA40006420617420307834300000005043413944
:10DA5000363835206368206D757374206265203018
:10DA60002D313500706F7274206E6F7420636F6E8D
:10DA70006669677572656420617320736572766F7D
:10DA800000000000756E6B6E6F776E20636D640032
:10DA90007061796C6F616420746F6F2073686F724E
:10DAA0007400000064656469636174656420706F6C
:10DAB00072742C206E6F7420636F6E666967757266
:10DAC00061626C6500000000636F6E666967757265
:10DAD0006520616674657220737461727400000061
:10DAE00055415254206F6E6C79206F6E2044362F52
:10DAF0004437000050574D20636F6E666C69637445
:10DB0000205025752B50257520736C696365202581
:10DB1000750000005B564C35335D2063616C5F74AB
:10DB2000696D656F757400005B53454E534F525DD0
:10DB300020564C35333A2072643D2564206D6F6465
:10DB4000656C5F69643D3078253032580000000014
:10DB50005B564C35335D206661696C3A76687600B9
:10DB60005B564C35335D20737061645F74696D651D
:10DB70006F7574005B564C35335D206661696C3A95
:10DB800073706164000000005B564C35335D2066A5
:10DB900061696C3A737061645F6D617000000000D0
:10DBA0005B564C35335D206661696C3A63616C5F2E
:10DBB000766876005B564C35335D206661696C3A59
:10DBC00063616C5F70686173650000005B494D556F
:10DBD0005D206E6F7420666F756E64005B494D55F5
:10DBE0005D20543D256C756D733A20736F66742DFE
:10DBF000726573657420E286922030782530325841
:10DC0000204F4B005B494D555D20543D256C756D93
:10DC1000733A2030782530325820666F756E642054
:10DC200062757420626F6F74207265616420666132
:10DC3000696C6564000000005B494D555D20543DF2
:10DC4000256C756D733A2030782530325820706B12
:10DC5000745F6C656E3D25752063683D2575207089
:10DC6000303D307825303258202873696E676C65F6
:10DC70002D74786E20647261696E29005B494D5580
:10DC80005D20626F6F742D706B743A2063683D2560
:10DC900075206C656E3D2575207270743D30782559
:10DCA000303258005B494D555D20736874705F7762
:10DCB000726974652063683D2575206C656E3D252D
:10DCC00075204641494C45442072633D256400005F
:10DCD0005B494D555D20543D256C756D733A203080
:10DCE000782530325820696E6974204F4B0000004F
:10DCF0005B494D555D206669727374206E6F6E2DA1
:10DD00006368303A2063683D2575207270743D3039
:10DD10007825303258206166746572202575207030
:10DD20006F6C6C73000000005B494D555D206E6F99
:10DD3000207265706F7274733B2063685F736565F2
:10DD40006E3D307825303258000000005B494D555B
:10DD50005D20256C7520727074732071773D256489
:10DD60002071783D25642071793D256420717A3DCC
:10DD7000256400005B53454E534F525D204D505576
:10DD8000203078253032583A2077723D2564207251
:10DD9000643D25642077686F3D3078253032580027
:10DDA0000A2A2A2A2050414E4943202A2A2A0A00B8
:10DDB0000A0000004E6F207370696E6C6F636B73A6
:10DDC0002061726520617661696C61626C6500003A
:10DDD0004E6F2075736572204952517320617265D0
:10DDE00020617661696C61626C65000048617264F3
:10DDF0007761726520616C61726D20256420616CB1
:10DE0000726561647920636C61696D65640000000E
:10DE100048617264206173736572740052656C6549
:10DE200061736500626F6F74325F773235713038BD
:10DE300030000000322E322E300000007069636F17
:10DE40000000000072656477696E67004A756C2097
:10DE50003231203230323600666E692B000000000D
:10DE6000666E69006E616E00666E692D00000000CE
:10DE700055534220737464696E202F207374646F4D
:10DE80007574000052617370626572727920506916
:10DE9000000000005069636F00000000426F617273
:10DEA0006420434443000000526573657400000021
:10DEB000556E68616E646C656420495251203078FB
:10DEC00025780A006570202530325820776173204C
:10DED000616C726561647920617661696C61626C04
:10DEE0006500000043616E277420636F6E74696E75
:10DEF00075652078666572206F6E20696E61637447
:10DF00006976652065702025303258004E6F2050AC
:10DF1000494F207374617465206D616368696E6533
:10DF2000732061726520617661696C61626C650065
:10DF300040090010D0070010B2070010940700102D
:10DF4000E20800107608001004090010060800100E
:10DF50002C080010200800104E0800107A0700104E
:10DF600068070010320700105C070010AA030010B9
:10DF70003C06001012070010E8060010CC05001047
:10DF8000920500102A05001008050010DE0400109C
:10DF900000010203061A1B1C420B00104A0C001061
:10DFA000220B0010060B00104C0B0010A00F0010ED
:10DFB000D20F0010EA0F0010600F0010FC0F0010CD
:10DFC00012100010A20F0010A00F0010940F0010EC
:10DFD000940F0010AC0F00106E120010F61200101B
:10DFE00006130010861200109E120010B6120010C8
:10DFF000D61200106E1200101E13001048120010EE
:10E000007C1200107C1200107C1200107C12001098
:10E01000101300100E1900107A190010A619001024
:10E020008C1900104E190010461900103E190010EE
:10E030000E1900100819001008190010B21900106C
:10E04000B01E00106E1E00106E1E00106E1E00101E
:10E0500036230010DE220010A62200101622001027
:10E06000FA210010EC210010B01E0010DA2100107F
:10E07000B01E0010B01E0010A82100109620001045
:10E08000921F0010B41E001010081109120A130B81
:10E09000160F070E14150C0D00010203061A1B1CA7
:10E0A00000FF0100010000FFFF0000010001FF0070
:10E0B000B8E0001007FF0000809027A046A0A50050
:10E0C000061842A083000000FA00000010000000C3
:10E0D000FFFF01020DEF0000FFFF0104033401C246
:10E0E000FFFF012F0306021E0005000F002D000098
:10E0F00000000F03FC000000004103C5000001FF09
:10E1000001000209C401F403E8000100000000035B
:10E11000E800B200FFFF012F030632140005000AD9
:10E12000000A001E00000003FF010000004103C5BB
:10E1300001F401FF000002060E05AA03E800140026
:10E1400000000003E8009900FFFF0104033400C34E
:10E150000500010001000000FD080000001027007C
:10E16000000000000000000000000000FD040000AE
:10E170000010270000000000000000000000000068
:10E18000FD0100000010270000000000000000005A
:10E190000000000006005250D3F075421CDE001053
:10E1A00006005250E182887F24DE001006005250A3
:10E1B000ABB3605334DE001006005250BBFF3CB6D8
:10E1C0003CDE001006005250861C030244DE0010A4
:10E1D000060052505422A29D4CDE00100500525001
:10E1E000DE65F4686CF60010B899001068990010AC
:10E1F00068990010B0990010689900106899001093
:10E2000068990010689900106899001068990010CA
:10E2100068990010A899001068990010A099001042
:10E22000689900106899001098990010D89B001008
:10E23000CE990010C89B0010CE990010B29B001020
:10E24000CE990010CE990010CE990010CE990010F2
:10E25000CE990010CE990010CE990010C0990010F0
:10E26000CE990010CE990010CE990010CE990010D2
:10E27000CE990010C0990010769C001022990010D1
:10E280002299001022990010229900102299001062
:10E290002299001022990010229900102299001052
:10E2A0002299001022990010229900102299001042
:10E2B0002299001022990010229900102299001032
:10E2C0002299001022990010229900102299001022
:10E2D0002299001022990010229900102299001012
:10E2E0002299001022990010229900102299001002
:10E2F0002299001022990010EC9B0010449C001001
:10E30000EC9B001022990010229900102299001015
:10E3100022990010229900102299001022990010D1
:10E3200022990010229900102299001022990010C1
:10E3300022990010229900102299001022990010B1
:10E3400022990010869E0010229900102299001038
:10E350002299001022990010229900102299001091
:10E36000229900102299001022990010869E001018
:10E37000889C0010869E0010EC9B0010449C0010AE
:10E38000EC9B001000000000000000000000F03FC7
:10E390000000000000002440000000000000594080
:10E3A0000000000000408F40000000000088C340D3
:10E3B00000000000006AF8400000000080842E4148
:10E3C00000000000D01263410000000084D7974194
:10E3D0000000000065CDCD410D0A000000000000E6
:10E3E00041A900100000000045A9001051A900102B
:10E3F0007DA9001079A90010000000000A000000AB
:10E4000000000306A6000800020002009C001400A1
:10E41000030057494E555342000000000000000021
:10E420000000800004000100280044006500760020
:10E4300069006300650049006E00740065007200A9
:10E440006600610063006500470055004900440014
:10E4500000004E007B00620063003700330039008B
:10E460003800630031002D00370033006300640082
:10E470002D0034006300620037002D0039003800A1
:10E48000620038002D00390031003300610038008F
:10E4900066006300610037006200660036007D00A0
:10E4A00000000000050F2100011C100500DF60DDE9
:10E4B000D88945C74C9CD2659D9E648A9F00000305
:10E4C00006A60001000000000600525053B4F4A15B
:10E4D00070DE00100000000084DE001094DE0010EA
:10E4E000502E00209CDE0010A8DE0010090254000F
:10E4F000030100807D080B000202020000090400F5
:10E50000000102020004052400200105240100018D
:10E5100004240206052406000107058103080010F3
:10E5200009040100020A0000000705020240000081
:10E53000070582024000000904020000FF000105F7
:10E5400012011002EF0201408A2E0A0000010102AE
:10E550000301000044B50010ACB60010FCB600107A
:10E5600084B6001096B6001074B60010E4B5001022
:10E5700090B5001084B5001066BA00104CBA0010B7
:10E580001CB8001086BA00101CB8001034BA001075
:10E5900020BA00101CB800100CBA001012B90010FC
:10E5A0001CB80010F2BC0010E4BC0010D8BC001075
:10E5B0001CB800101CB80010C2BC0010E4BC001055
:10E5C0001CB800101CB800101CB800101CB80010BB
:10E5D0001CB800101CB800101CB8001078BC00104B
:10E5E0009E0D00209E0D0020E80D0020080E00204A
:10E5F0004C0E00205E0E0020940D00200000000054
:10E600007DC20010EDC200101DC3001069C30010D0
:10E610000DC40010F5C40010000000000000000050
:10E62000F5C5001051C600106DC6001095C600104B
:0CE63000D9A90010B5C7001000000000C0
:10E63C0094E10010A0E10010ACE10010B8E1001072
:10E64C00C4E10010D0E10010DCE10010C8E40010BF
:10E65C0003000068EFF3108C72B60268002AFCD03D
:10E66C00BFF35F8F04229A56002A0BDB002900D0DF
:10E67C000A6000201B68BFF35F8F00221A608CF3C6
:10E68C0010887047D0221206126801201A71F1E727
:10E69C00F0B5C646150000B504001E000268EFF385
:10E6AC00108172B61368002BFCD0BFF35F8F04236C
:10E6BC00E3562268002B2BDBBFF35F8F002010602A
:10E6CC0081F31088D02212061278002752B290469D
:10E6DC009A420ED1002080BCB846F0BDBFF35F8FCC
:10E6EC00176081F310882800310000F001FF00282A
:10E6FC00F0D12268EFF3108172B61368002BFCD0B6
:10E70C00BFF35F8F237922687F2BE7D9434602E062
:10E71C00D0231B061B682371BFF35F8F002313608C
:10E72C0081F310880120D6E7F0B5C64600B50D0080
:10E73C00040000F0F5FEFA2206000F00002328006A
:10E74C000021920000F004FF36184F41002F02DA2E
:10E75C000126174F7642D0231B061B6800259846CE
:10E76C000AE0BFF35F8F156081F310883000390029
:10E77C0000F0BEFE002818D12268EFF3108172B6AB
:10E78C001368002BFCD0BFF35F8F237922687F2B9B
:10E79C00E7D943462371BFF35F8F0023136081F3E6
:10E7AC001088012080BCB846F0BD0020FAE7C046B6
:10E7BC00FFFFFF7F0268EFF3108172B61368002B26
:10E7CC00FCD0BFF35F8FFF2303710368BFF35F8F30
:10E7DC0000221A6081F3108840BF704710B5084CB6
:10E7EC002378002B0AD18023064807495B051A6859
:10E7FC00C25004338B42FAD10123237010BDC046A2
:10E80C007E2E0020A41B00100001001010B5014B3F
:10E81C00984710BDA51B0020064B5A6802609A68E9
:10E82C004260DA6882601A69C2605A6902619B6947
:10E83C0043617047000002400268064B5A60426810
:10E84C009A608268DA60C2681A6102695A61426928
:10E85C009A61704700000240034B1A68C0239B006A
:10E86C009343024A136070470C8001400C900140A6
:10E87C00054B1A6880239B005340C0229200134022
:10E88C00024A13607047C0460C8001400C90014056
:10E89C000023F0B5DE4657464E4645469A46E0B54F
:10E8AC0089B001900E00988A45491B8B140098473B
:10E8BC00534681464349988A1B8B98475346424995
:10E8CC000500988A1B8B98478046FFF787FF02A8A4
:10E8DC00FFF7A2FFC847A847FFF7CAFF251E22D0A3
:10E8EC000823C0219C460220490562468B6A1A40C7
:10E8FC0018423FD0631B002D2FD1002A11D1002CC0
:10E90C0011D0C0235B059B4602239A4606339946D9
:10E91C005B464A4657469B6A1A401F4242D0002A21
:10E92C00F6D0002C30D1FFF797FFC047FFF76EFFF2
:10E93C0002A8FFF781FF09B0F0BCBB46B246A9465E
:10E94C00A046F0BD002C2FD1C0225205926A9146F0
:10E95C0008224F463A40BF072DD50D2B1BD9002A54
:10E96C00F0D1C0225205926A914608224F463A4095
:10E97C00BF07F2D4002A04D12B002343002BB4D1BF
:10E98C00D1E72B00002CF9D00B6E013C3370230027
:10E99C0001362B43F2E7019F013D3B7801370B66B3
:10E9AC000197E7E70025E5E7C0235B051B6E013CFB
:10E9BC003370013699E72B00002ADFD1DCE7C04623
:10E9CC004946000045580000464300000022154B04
:10E9DC0010B59A60DA601A615A619A61DA611A624A
:10E9EC005A629A62DA621A635A639A63DA631A6435
:10E9FC005A649A64DA641A655A659A65DA651A6615
:10EA0C005A669A66DA661A675A679A67DA67F03254
:10EA1C0092000021044800F08BFD044B044A1A605C
:10EA2C0010BDC046000010506C1F00203823002081
:10EA3C0080011050F0B54E464546DE465746E0B5CF
:10EA4C00214B00249E6D012585B0002E22D01F4B3A
:10EA5C009A46012399461E4B984601E0202C19D06A
:10EA6C002A00230001342F003240E4B26D00002A4A
:10EA7C00F4D0524697654A465B085B0022409B18CF
:10EA8C005B01434418009B4600F01EFC002808D193
:10EA9C00BE43E3D105B0F0BCBB46B246A946A04686
:10EAAC00F0BD5B46E0219A78DB8A01A883600023E5
:10EABC00C900018001210271437100F025FC584608
:10EACC0000F0A0FBE4E7C0460000115000301150EC
:10EADC002C1F00209823F0B5C646C84A00B5D5585F
:10EAEC0080232E009B02102484B01E401D4274D043
:10EAFC00C34BC44C9A6AC44B00261A603B23E35C9C
:10EB0C00022B00D14FE17B23E35C022B00D1F3E01D
:10EB1C00BB23E35C022B00D1FAE0FB23E35C022B6A
:10EB2C0000D101E13C23FF33E35C022B00D12DE14A
:10EB3C007C23FF33E35C022B00D10EE1BC23FF33BB
:10EB4C00E35C022B00D13FE1FC23FF33E35C022B9F
:10EB5C0000D1F5E0AD4BE35C022B00D174E1AC4B82
:10EB6C00E35C022B00D105E1AA4BE35C022B00D144
:10EB7C0075E1A94BE35C022B00D132E1A74BE35CBE
:10EB8C00022B00D1A0E1A64BE35C022B00D171E17A
:10EB9C00A44BE35C022B00D1A1E1A34BE35C022B61
:10EBAC0000D17FE1002E08D1A04B1B78002B04D1A3
:10EBBC0080219F4A90338902D150C02269468F4BE5
:10EBCC0092009B6C80265B058A805B0D012101A85D
:10EBDC00029300F099FB974CB602EB0600D57FE050
:10EBEC0080235B021D4231D01E4301230224984630
:10EBFC00844FBB7E002B14D000F0A2FC012800D95E
:10EC0C0072E0C02200213800920100F001FB3800B4
:10EC1C0000F0F8FA00F094FC012802D9844B5C66F1
:10EC2C001C664346FB702037012C22D1C0236A4658
:10EC3C00DB009380804A02AB03CA03C3012101A805
:10EC4C0000F062FB80227A4B92021A6580235B01F2
:10EC5C001D4210D18023DB011D4223D180231B02D6
:10EC6C001D422FD1AE4200D0C0E104B080BCB846EA
:10EC7C00F0BD0124BDE700241E43604B1C60FFF770
:10EC8C00A5FE80236A465B0093801472012101A8C3
:10EC9C0000F03AFB8022664B12031A658023DB01DD
:10ECAC001D42DBD01E4380236A46DB00938001218A
:10ECBC0001A800F029FB10225D4B1A6580231B0272
:10ECCC001D42CFD01E43A0236A46DB009380012156
:10ECDC0001A800F019FB8022554B12011A65C1E7FF
:10ECEC00FFF7A8FE26007BE7544B444A1C66536E84
:10ECFC002340A342FBD184E77833E75C002F00D19B
:10ED0C0006E70233E25C002A00D00DE13E00FFE68C
:10ED1C00B833E75C002F00D1FFE60233E25C002A37
:10ED2C0000D0F9E03E00F8E6F833E75C002F00D1A4
:10ED3C00F8E60233E25C002A00D041E13E00F1E645
:10ED4C00F933FF33E75C002F00D103E70233E25CB9
:10ED5C00002A00D02BE13E00FCE67933FF33E75C60
:10ED6C00002F00D1EAE60233E25C002A00D015E164
:10ED7C003E00E3E6324BE75C002F00D1F4E60233B1
:10ED8C00E25C002A00D001E13E00EDE63933FF33AE
:10ED9C00E75C002F00D1CBE60233E25C002A00D006
:10EDAC00EBE03E00C4E63833E65C002E00D1AAE668
:10EDBC000233E25C002A00D1A5E6200000222030BC
:10EDCC00E25400F04DFA9EE6B933FF33E75C002FB6
:10EDDC0000D1B9E60233E25C002A00D0C4E03E0068
:10EDEC00B2E6184BE75C002F00D1C7E60233E25CB9
:10EDFC00002A00D0B0E03E00C0E6C0460000115032
:10EE0C00004005402C1F0020141D00203B02000078
:10EE1C007B020000BB020000FB0200003B03000071
:10EE2C007B030000BB030000FB0300007C2E0020D2
:10EE3C000030115010000200000010500020115042
:10EE4C007A020000FA0200006B4BE75C002F00D145
:10EE5C0085E60233E25C002A76D13E007FE6674B02
:10EE6C00E75C002F00D184E60233E25C002A63D118
:10EE7C003E007EE6624BE75C002F00D188E6023351
:10EE8C00E25C002A00D0A3E05E4BE35C022B30D1A5
:10EE9C005D4BE35C002B27D15C4BE35C022B00D079
:10EEAC008BE63E005A4BE35C002B00D17AE6FF2345
:10EEBC009B00E25C002A00D17FE60022E2541C3B5E
:10EECC00E01800F0CDF978E6524BE75C002F00D14A
:10EEDC0059E60233E25C002A16D13E0053E64A4B57
:10EEEC00E35C002B00D158E6EF239B00E25C002A88
:10EEFC0075D1464BE35C022B00D05EE6444BE35CE1
:10EF0C00002B00D159E6D2E70022E2541C3BE0185A
:10EF1C0000F0A6F93E0036E620000022A030E254B4
:10EF2C003E0000F09DF9F8E5200000226030E2542C
:10EF3C003E0000F095F9EBE50022E2541C3BE01892
:10EF4C0000F08EF93E0014E60022E2541C3BE0185F
:10EF5C0000F086F93E0002E60022E2541C3BE01869
:10EF6C0000F07EF93E0009E620000022A130FF30BF
:10EF7C00E2543E0000F074F9E6E520000022213056
:10EF8C00FF30E2543E0000F06BF9D1E50022E25470
:10EF9C001C3BE01800F064F93E00E5E5200000227F
:10EFAC006130FF30E2543E0000F05AF9C6E5200013
:10EFBC000022E130FF30E2543E0000F051F9C9E587
:10EFCC0020000022E030E2543E0000F049F9A9E5AF
:10EFDC000022E2541C3BE01800F042F954E70022F6
:10EFEC00E2541C3BE01800F03BF982E731000A4880
:10EFFC00694000F08DFAC0463A020000BA020000E7
:10F00C007A030000BB030000BA030000FB030000FE
:10F01C00FA0300003A030000B0DE0010F0B5C6465B
:10F02C0000B50200838A008B8C46011C984200D9E3
:10F03C00191CD47880252000461EB04189B2ED0001
:10F04C000D434003284301256C405B1AD47054785F
:10F05C009BB29382002C31D16446D568A4014E1E1C
:10F06C002D19B0461469002923D0062E32D92B0055
:10F07C0023439B072ED1631CEB1A022B2AD90023A6
:10F08C008F08BF00E658EE5004339F42FAD1434636
:10F09C00ED19DB1BE419B94209D026782E70002B30
:10F0AC0005D066786E70012B01D0A378AB70146913
:10F0BC00938A64181461802212021043002B02D12F
:10F0CC008023DB0118436346002B00D0000480BC76
:10F0DC00B846F0BD0023E65CEE5401339942FAD1F8
:10F0EC00E5E7C0468368F0B51A680400002900D033
:10F0FC00120C63789205900D002B08D1E38AC3188B
:10F10C00E382238B834201D90023A382F0BDE36801
:10F11C00890125695E18471E002822D0062F26D9A2
:10F12C0001315B18EB1A022B21D92B0033439B07BF
:10F13C001DD10023120E9200F158E95004339A426B
:10F14C00FAD1BF1AAD18B618904209D032782A708D
:10F15C00002F05D072786A70012F01D0B278AA7096
:10F16C002569E38A2D18C318E3822561C9E70022BB
:10F17C00B35CAB5401329042FAD12569F1E7C04639
:10F18C0010B50400836800211B68FFF7ABFF6368B0
:10F19C001B685B0002D5238B834200D010BD01217C
:10F1AC002000FFF79FFFF9E7084A0300126C0020CC
:10F1BC00920703D49A78D209012A00D07047D87EDE
:10F1CC00023843425841C0B2F8E7C0460000115023
:10F1DC0010B5FFF7E9FF00280CD00749074B8C4608
:10F1EC00074A9B6A126863449B1A0020C6229A4203
:10F1FC004041C0B210BDC046E0FCFFFF00400540DE
:10F20C00141D002000238376436103617047C046C0
:10F21C0010B58368002901D01C682140002A12D047
:10F22C008024E400114322420DD01A6822420CD1F2
:10F23C00084A0A401A60084A126C920703D40C233D
:10F24C00033BFDD28368196010BD8178034800F040
:10F25C005FF9C046FFFBFFFF00001150C4DE001039
:10F26C00436870B50021802504001E68FFF7D6FEA8
:10F27C00124B6D011A6C0543A37892070ED55B06F1
:10F28C000ED00F4B1E4080239B0533436268002138
:10F29C00136020002A00FFF7BBFF70BDDB09F0D024
:10F2AC00A38A002BEDD001212000FFF7B7FEA0238D
:10F2BC00044ADB05324005431343E7E700001150D5
:10F2CC00FFFFFFAFFFFFFFDF70B5857E0400002D51
:10F2DC0014D0FFF755FFA38A002B01D1280070BD75
:10F2EC002000FFF775FF002803D0012300252377AA
:10F2FC00F4E72000FFF7B4FF0025EFE78178014821
:10F30C0000F006F9E4DE0010F0B5CE46474680B5B5
:10F31C00437805000E0085B0062B08D86C4A9B007C
:10F32C00D3589F466B4A13780133DBB213706A4B88
:10F33C001C686269EFF3108172B61368002BFCD065
:10F34C00BFF35F8FA1612000290000F009F9626909
:10F35C00A369BFF35F8F0021116083F3108800282D
:10F36C0004D105B0C0BCB946B046F0BD32006978D6
:10F37C00287800F0C5F8F4E70121584B1A788A4335
:10F38C001A701A7801318A431A7000225A701A784E
:10F39C0002318A431A70CAE75149524F8946524981
:10F3AC000024002388463A7812E043461B6861012A
:10F3BC005B18002B06D0DB69002B03D0696828781A
:10F3CC0098473A780134E4B2511C2300A14217DB70
:10F3DC00A242EAD89B1A5B014B44ECE73F4B1A78EC
:10F3EC00D207BED504211A780A431A709FE73B4B0B
:10F3FC001A78D207B5D504211A788A431A7096E781
:10F40C00364F3B785B072BD504223B780021934386
:10F41C003B706B460632981D00F08AF82B7801ACD5
:10F42C002370052363702C4B1B6898465A69EFF3C5
:10F43C00108172B61368002BFCD0BFF35F8F43466C
:10F44C0040469961210000F08BF843465A699B694C
:10F45C00BFF35F8F0021116083F31088002831D136
:10F46C00FB78DB0700D47CE76B460A220021981D51
:10F47C0000F05EF82B7801AC2370032363706B688B
:10F48C006360154B1D686A69EFF3108172B61368DF
:10F49C00002BFCD0BFF35F8FA9612800210000F086
:10F4AC005FF86A69AB69BFF35F8F0021116083F36A
:10F4BC001088002800D154E732006178207800F0E1
:10F4CC001FF84EE732006178207800F019F8C7E792
:10F4DC00E0E500107D2E0020F41600209C16002084
:10F4EC00FCE50010752E0020581400207047C04613
:10F4FC0001B40248844601BC604700BF216A001079
:10F50C0001B40248844601BC604700BFE5B300105B
:10F51C0001B40248844601BC604700BF715A001018
:10F52C0001B40248844601BC604700BFA56C0010C2
:10F53C0001B40248844601BC604700BF118C001026
:10F54C0001B40248844601BC604700BF655A0010F4
:10F55C0001B40248844601BC604700BFF985001025
:10F56C0001B40248844601BC604700BF45CE001080
:10F57C0032000000FFFFFFFFFFFFFFFFFFFFFFFF59
:10F58C0000404A10000000000000010000000000D4
:10F59C00000000000000020000000000000000005D
:10F5AC000000030000000000000000000000FF004D
:10F5BC000000000001B5486801318E4600477046D6
:10F5CC0009380149884701BDA16000100000000006
:10F5DC00000000000000000000000000000000001F
:10F5EC00D01000200000000000000000000000000F
:10F5FC00503300004C3300005433000052330000F1
:10F60C004D5300004D4300005334000043340000C0
:10F61C00A5AB001059AB0010CDAA001045AA0010E4
:10F62C000000000000010000F816002010000C0083
:10F63C0000000000000000000000000000000000BE
:10F64C0000000000FF00000000400440000000002B
:10F65C00000000000000000000000000000000009E
:04000005100001E9FD
:00000001FF
